,student_id,age,gender,study_hours_per_day,social_media_hours,netflix_hours,part_time_job,attendance_percentage,sleep_hours,diet_quality,exercise_frequency,parental_education_level,internet_quality,mental_health_rating,extracurricular_participation,exam_score
0,S1000,23,1,0.0,1.2,1.1,1,85.0,8.0,2,6,1,1,8,2,56.2
1,S1001,20,1,6.9,2.8,2.3,1,97.3,4.6,1,6,2,1,8,1,100.0
2,S1002,21,2,1.4,3.1,1.3,1,94.8,8.0,3,1,2,2,1,1,34.3
3,S1003,23,1,1.0,3.9,1.0,1,71.0,9.2,3,4,1,3,1,2,26.8
4,S1004,19,1,5.0,4.4,0.5,1,90.9,4.9,2,3,1,3,1,1,66.4
5,S1005,24,2,7.2,1.3,0.0,1,82.9,7.4,2,1,1,1,4,1,100.0
6,S1006,21,1,5.6,1.5,1.4,2,85.8,6.5,1,2,1,2,4,1,89.8
7,S1007,21,1,4.3,1.0,2.0,2,77.7,4.6,2,0,3,1,8,1,72.6
8,S1008,23,1,4.4,2.2,1.7,1,100.0,7.1,1,3,3,3,1,1,78.9
9,S1009,18,1,4.8,3.1,1.3,1,95.4,7.5,1,5,3,3,10,2,100.0
10,S1010,19,1,4.6,3.7,0.8,1,77.6,5.8,2,1,4,3,3,1,63.3
11,S1011,23,2,3.9,2.4,2.5,1,71.7,7.9,2,2,3,1,1,1,74.4
12,S1012,19,1,3.7,2.1,0.4,2,81.1,4.5,2,1,3,3,9,1,76.9
13,S1013,19,1,3.4,2.7,2.7,1,89.3,4.7,2,4,3,3,10,1,75.8
14,S1014,24,2,2.4,1.5,0.7,1,87.4,6.7,3,6,3,1,9,1,78.9
15,S1015,21,2,3.1,5.0,1.0,1,97.5,6.5,1,6,2,1,7,1,74.0
16,S1016,20,2,1.0,0.6,0.2,1,92.9,5.6,3,3,2,2,8,2,55.2
17,S1017,24,1,3.4,2.7,1.2,1,94.7,7.5,3,0,2,1,1,2,70.8
18,S1018,24,3,2.0,4.9,2.9,2,88.3,7.1,1,2,2,3,5,1,43.9
19,S1019,19,2,1.8,2.5,2.4,1,71.1,7.5,2,1,2,1,2,1,45.3
20,S1020,22,1,3.8,2.3,2.9,1,83.0,6.4,1,3,1,3,1,1,58.5
21,S1021,21,2,5.6,2.1,2.4,1,95.6,7.2,2,1,2,3,3,1,82.5
22,S1022,18,3,4.9,2.3,0.6,1,84.5,6.0,2,3,2,1,7,1,98.7
23,S1023,24,1,1.1,4.1,1.4,2,90.0,9.0,2,6,3,3,1,1,43.7
24,S1024,20,1,2.0,0.0,0.9,2,81.8,5.5,2,4,3,1,2,1,54.9
25,S1025,22,2,4.9,4.3,3.3,1,74.7,9.0,2,1,2,1,2,2,69.9
26,S1026,22,2,2.0,0.8,0.5,1,83.8,6.5,1,4,3,2,4,1,73.5
27,S1027,18,2,3.2,2.2,2.8,2,88.1,4.8,2,5,3,1,3,1,71.1
28,S1028,24,2,4.3,2.0,2.8,2,78.4,8.1,1,5,2,2,3,2,82.8
29,S1029,20,1,2.0,3.2,3.8,2,82.6,6.7,3,6,2,2,10,2,75.7
30,S1030,21,1,3.7,0.6,1.3,1,75.6,7.5,2,2,1,1,5,1,70.6
31,S1031,17,3,1.5,3.1,2.6,2,96.2,8.0,2,4,3,1,3,2,51.3
32,S1032,20,3,2.6,4.9,4.3,1,82.1,6.9,1,3,3,3,7,1,52.1
33,S1033,18,1,4.0,0.9,1.1,1,99.5,5.8,3,2,4,1,5,1,70.7
34,S1034,22,1,1.1,2.7,0.1,1,100.0,7.7,2,1,2,3,4,1,51.2
35,S1035,21,1,4.2,1.7,0.0,2,84.2,6.5,1,1,3,1,3,1,72.6
36,S1036,20,1,3.5,3.0,2.6,1,74.9,7.3,2,3,2,3,4,1,70.7
37,S1037,17,2,4.3,2.5,0.0,2,64.1,3.9,1,0,2,1,2,1,59.4
38,S1038,17,2,3.8,1.7,1.4,1,70.3,7.0,3,0,3,3,1,1,58.1
39,S1039,19,2,5.5,3.1,2.3,1,71.3,5.7,1,1,2,1,3,1,82.3
40,S1040,19,1,3.7,4.7,2.0,1,98.8,8.5,1,6,3,3,2,1,69.7
41,S1041,23,1,2.9,2.3,2.3,1,86.2,7.2,1,6,3,1,1,1,66.0
42,S1042,18,2,3.7,3.4,2.0,1,88.9,6.8,2,3,2,2,1,2,63.5
43,S1043,24,1,4.3,0.9,3.2,1,62.8,7.1,3,0,3,3,2,1,65.7
44,S1044,20,1,3.6,1.4,0.8,1,73.0,5.3,1,4,2,2,9,1,78.5
45,S1045,20,2,3.6,3.1,1.1,1,93.9,8.4,2,1,3,1,5,2,75.1
46,S1046,24,2,2.4,4.3,1.0,1,87.9,8.9,3,5,2,1,9,2,71.0
47,S1047,23,1,2.5,2.9,2.7,1,83.5,7.0,1,4,4,3,8,2,59.7
48,S1048,22,1,1.4,2.1,2.8,1,90.6,8.4,2,3,3,3,6,1,52.6
49,S1049,22,1,6.1,2.5,2.3,1,100.0,5.8,3,5,2,1,1,1,96.5
50,S1050,23,1,1.6,1.0,3.1,1,82.8,5.5,2,4,1,3,10,2,62.0
51,S1051,22,1,2.5,3.2,0.5,1,85.7,6.5,3,0,2,1,5,1,59.7
52,S1052,19,1,2.4,3.6,3.6,1,86.9,7.0,2,6,2,1,1,1,48.4
53,S1053,20,1,4.8,2.0,3.5,1,100.0,6.0,1,0,3,3,7,2,70.6
54,S1054,23,1,3.1,1.9,2.6,2,64.0,7.1,2,5,2,3,10,1,68.1
55,S1055,20,2,5.4,2.8,3.8,1,91.8,6.9,1,2,2,3,8,1,87.2
56,S1056,24,2,2.5,2.0,0.0,1,83.9,5.3,1,6,3,1,8,1,66.7
57,S1057,17,2,3.9,2.4,1.2,1,90.7,7.1,1,1,3,1,7,2,75.2
58,S1058,19,1,2.2,5.0,1.0,1,78.4,7.5,3,5,1,1,2,2,46.4
59,S1059,21,1,6.7,2.2,2.6,1,84.5,6.7,1,3,1,1,5,2,97.1
60,S1060,19,1,1.7,2.1,0.6,2,92.1,7.9,2,1,2,1,4,1,61.2
61,S1061,23,2,4.0,1.7,2.6,1,100.0,5.0,2,4,3,3,5,1,75.0
62,S1062,21,2,4.5,3.4,3.3,2,93.1,7.1,1,6,2,3,10,1,94.7
63,S1063,17,2,4.1,2.3,2.6,2,76.5,5.1,2,3,3,1,9,1,77.6
64,S1064,23,2,3.2,1.7,2.1,1,80.8,5.2,1,3,2,2,4,2,68.6
65,S1065,18,1,3.3,4.1,0.7,1,80.5,5.7,3,0,1,3,8,1,69.6
66,S1066,20,2,3.6,4.2,0.9,1,67.0,5.4,1,4,3,1,8,1,66.5
67,S1067,17,2,3.3,1.8,3.2,1,81.7,5.8,3,0,1,3,2,1,62.2
68,S1068,20,1,4.9,0.3,2.7,2,92.3,6.2,1,0,3,2,6,1,82.1
69,S1069,22,2,6.8,3.7,1.8,1,72.3,7.5,3,6,1,1,5,1,100.0
70,S1070,18,1,2.7,1.7,1.3,1,95.5,6.1,3,2,3,3,2,2,59.7
71,S1071,18,1,1.4,3.4,0.0,1,89.9,4.6,2,0,2,2,10,2,55.1
72,S1072,17,2,3.4,0.1,0.6,1,77.7,7.9,2,1,2,1,4,2,77.1
73,S1073,18,1,7.4,3.6,3.9,1,83.6,5.5,2,3,2,1,7,2,97.7
74,S1074,21,1,2.3,1.0,0.4,1,100.0,6.4,2,6,4,3,1,1,66.9
75,S1075,18,1,6.0,3.4,2.0,2,92.3,7.0,2,0,3,3,9,2,99.9
76,S1076,20,2,6.0,2.5,2.9,1,85.1,6.7,3,5,3,1,10,2,100.0
77,S1077,20,1,2.7,1.4,0.4,1,82.6,7.8,2,1,3,2,1,1,57.2
78,S1078,23,1,4.4,2.0,2.0,2,85.8,7.1,1,4,1,3,5,1,77.3
79,S1079,20,2,5.9,3.3,2.8,2,79.9,5.5,1,3,1,1,7,1,91.6
80,S1080,23,2,2.9,2.6,1.8,1,64.0,9.1,1,6,2,3,8,1,70.7
81,S1081,20,3,3.2,3.2,5.0,1,100.0,6.7,1,5,2,2,2,1,57.6
82,S1082,21,1,2.6,4.9,0.0,2,86.6,6.3,2,6,2,2,4,1,60.2
83,S1083,24,2,2.0,0.6,3.0,1,89.0,7.7,3,6,2,3,2,2,50.5
84,S1084,23,1,2.5,4.4,1.6,1,84.4,6.8,2,5,3,1,4,1,51.3
85,S1085,19,2,1.7,2.6,2.6,1,77.6,7.0,1,4,3,3,6,1,53.5
86,S1086,22,2,3.6,1.4,2.3,1,83.1,9.5,1,5,3,2,6,1,79.2
87,S1087,17,2,2.3,0.9,1.0,1,69.0,6.2,2,1,1,1,2,2,47.2
88,S1088,20,2,3.9,2.3,2.1,1,100.0,6.1,3,6,3,3,4,1,73.4
89,S1089,18,2,1.2,3.6,0.0,1,72.7,6.6,3,4,2,1,4,2,41.1
90,S1090,24,2,4.0,2.3,2.5,1,74.7,7.8,2,6,3,3,1,1,77.8
91,S1091,20,1,4.8,4.3,2.1,1,80.6,4.7,2,5,2,1,2,1,63.4
92,S1092,18,2,0.5,0.8,2.5,2,97.9,4.1,3,4,2,3,3,1,43.9
93,S1093,22,2,4.1,2.5,3.0,1,85.1,5.8,1,4,4,3,5,1,70.2
94,S1094,22,1,5.3,1.0,2.2,1,72.6,4.5,2,0,2,1,8,1,81.3
95,S1095,22,2,1.7,2.9,2.0,1,97.5,6.0,1,0,2,3,6,1,50.2
96,S1096,18,1,6.0,3.6,0.8,1,92.3,7.1,1,0,2,3,3,1,87.9
97,S1097,20,2,4.1,2.0,1.0,1,90.4,5.4,1,5,3,1,6,1,80.9
98,S1098,22,2,2.4,0.0,3.1,1,92.2,4.8,1,3,3,3,7,2,63.9
99,S1099,21,2,3.4,2.7,3.4,1,100.0,6.6,1,1,2,3,6,1,65.6
100,S1100,23,2,4.3,3.0,1.5,1,100.0,7.5,1,5,4,1,10,2,93.2
101,S1101,18,2,3.6,3.0,1.9,1,78.1,4.5,1,6,3,1,6,1,74.0
102,S1102,18,2,4.3,4.0,0.8,1,100.0,7.5,2,0,4,1,1,1,60.8
103,S1103,20,2,2.1,1.2,3.1,1,88.8,7.5,1,4,1,1,3,1,50.4
104,S1104,18,2,3.8,3.3,2.5,1,90.0,7.6,1,5,3,3,7,1,74.3
105,S1105,18,2,1.4,3.9,3.9,2,68.1,8.0,1,4,2,1,4,2,32.8
106,S1106,22,2,3.3,0.4,0.8,1,83.3,9.1,1,6,2,3,4,2,82.3
107,S1107,20,2,2.1,2.9,1.4,1,76.9,6.1,2,4,4,1,7,1,60.4
108,S1108,22,1,2.4,1.9,2.1,1,93.3,6.6,3,4,2,1,9,2,60.0
109,S1109,23,1,5.4,2.4,2.5,1,95.7,6.0,2,2,2,3,2,1,77.5
110,S1110,24,2,5.1,2.9,1.6,1,64.3,6.5,2,3,3,1,9,2,86.5
111,S1111,23,1,4.4,1.9,0.8,1,84.8,8.3,1,1,2,1,3,1,76.9
112,S1112,24,1,1.9,1.7,2.8,1,96.2,4.9,2,1,3,2,6,2,43.9
113,S1113,22,2,3.0,2.5,2.6,1,83.1,5.5,2,0,3,1,4,1,51.3
114,S1114,23,1,5.3,1.2,0.8,1,92.3,8.2,2,2,2,1,1,1,83.3
115,S1115,20,1,3.7,1.2,3.3,1,88.5,7.7,3,5,4,3,9,1,82.7
116,S1116,17,2,7.0,3.3,3.1,1,88.4,6.1,1,5,4,1,6,2,94.8
117,S1117,22,2,4.1,1.1,1.9,1,82.3,7.5,1,1,4,3,8,1,80.8
118,S1118,24,1,3.8,3.3,1.9,1,72.8,6.9,3,3,3,3,2,2,58.3
119,S1119,21,1,3.0,3.1,2.4,2,73.8,8.3,2,4,2,1,7,1,66.3
120,S1120,24,2,3.7,0.4,0.9,1,92.1,6.6,2,6,3,1,6,1,87.9
121,S1121,21,2,3.3,1.7,1.8,1,85.2,7.7,3,0,2,3,2,1,60.5
122,S1122,18,2,4.6,3.9,0.0,1,83.6,9.7,3,3,2,3,2,1,84.8
123,S1123,23,1,4.9,1.3,2.8,1,80.8,7.2,1,1,3,1,4,1,77.0
124,S1124,21,1,2.3,1.9,0.1,1,81.9,6.6,2,2,3,1,4,1,61.7
125,S1125,24,2,1.5,3.1,3.5,1,95.5,7.4,2,0,2,1,3,1,44.0
126,S1126,18,2,0.7,3.4,1.4,2,81.6,6.1,3,1,2,2,8,1,42.4
127,S1127,17,1,4.3,2.2,1.6,1,71.6,9.4,1,5,3,3,7,1,88.0
128,S1128,20,2,1.8,1.8,1.1,1,92.4,6.7,1,0,2,3,2,1,48.7
129,S1129,20,2,0.3,4.2,1.5,1,83.0,6.2,1,1,2,1,3,2,26.8
130,S1130,20,1,4.1,4.6,3.4,1,85.3,5.5,3,5,3,3,10,1,81.6
131,S1131,21,1,7.2,3.7,0.0,1,100.0,7.8,1,6,2,3,9,1,100.0
132,S1132,17,1,3.5,2.6,3.2,2,84.8,7.5,2,5,3,1,5,2,74.0
133,S1133,21,1,4.8,1.5,2.2,1,87.9,5.9,2,4,3,2,2,2,78.4
134,S1134,23,2,3.6,1.5,0.5,1,73.2,7.2,2,2,3,3,3,1,70.7
135,S1135,21,2,3.4,3.1,0.6,1,82.8,4.7,2,4,3,3,8,1,74.3
136,S1136,17,1,4.9,3.0,3.6,1,91.1,6.7,1,1,3,3,4,1,67.6
137,S1137,17,2,3.1,4.2,0.8,1,69.4,7.0,1,6,3,2,2,1,64.7
138,S1138,23,2,3.9,3.3,0.5,1,87.0,8.5,2,3,1,1,2,1,64.1
139,S1139,17,2,4.0,0.7,3.1,1,86.0,5.6,1,6,2,2,6,1,83.5
140,S1140,24,2,2.5,3.8,2.2,1,85.4,5.0,1,6,2,3,8,1,63.4
141,S1141,17,2,5.0,1.3,0.8,1,95.4,5.4,1,6,3,3,7,1,96.2
142,S1142,20,2,3.2,2.0,2.0,1,88.3,4.9,2,4,3,2,4,2,65.4
143,S1143,24,2,2.4,2.8,0.7,1,99.8,8.1,2,3,4,3,2,1,62.0
144,S1144,24,2,4.3,4.9,3.0,1,75.1,8.4,2,5,1,3,9,2,74.0
145,S1145,23,1,2.2,6.2,3.0,1,86.4,6.9,1,1,4,3,4,1,46.7
146,S1146,19,1,3.5,3.2,2.4,1,85.8,8.0,3,2,3,3,9,1,75.5
147,S1147,19,1,3.5,2.3,2.2,1,74.3,6.7,2,3,3,2,5,2,78.1
148,S1148,17,1,5.1,3.1,3.7,1,94.6,6.4,2,1,1,3,7,1,85.2
149,S1149,24,1,4.2,3.6,1.8,2,100.0,6.1,2,3,4,2,5,1,75.4
150,S1150,19,2,3.5,2.1,0.5,2,84.8,6.1,1,4,3,1,2,1,64.2
151,S1151,19,1,4.7,4.7,2.3,1,90.1,4.6,1,1,2,3,6,1,69.7
152,S1152,17,1,5.6,2.8,4.1,1,85.8,6.8,1,4,2,3,7,1,90.3
153,S1153,19,1,4.3,3.1,0.7,1,77.9,6.5,1,0,4,1,6,1,81.4
154,S1154,21,2,3.5,3.3,1.4,1,66.8,7.4,2,1,3,3,3,1,65.0
155,S1155,18,2,1.5,3.0,2.3,1,77.9,6.6,2,3,2,3,10,1,57.3
156,S1156,23,2,1.9,3.5,1.7,2,71.1,6.3,2,0,2,3,8,1,57.7
157,S1157,18,2,3.0,1.8,0.7,1,100.0,5.5,3,4,3,2,3,1,56.7
158,S1158,17,1,2.6,1.8,3.0,1,83.8,6.6,2,4,3,3,5,2,62.3
159,S1159,20,1,3.2,1.2,4.4,1,81.5,7.4,1,3,3,1,9,1,77.9
160,S1160,23,2,3.6,3.0,2.0,1,93.9,5.1,2,0,1,1,5,1,65.2
161,S1161,17,3,4.3,3.4,0.8,1,73.8,6.6,1,6,2,1,7,1,76.8
162,S1162,24,1,3.4,3.0,0.1,1,77.3,6.8,2,5,1,1,7,1,83.8
163,S1163,20,2,4.2,4.5,2.1,1,85.7,5.6,3,2,1,3,5,1,70.6
164,S1164,18,2,3.6,2.5,3.0,1,95.3,5.8,3,3,2,1,2,2,63.1
165,S1165,17,2,0.5,3.3,2.3,1,90.0,6.8,2,4,2,3,5,1,39.0
166,S1166,24,2,2.1,1.2,1.8,1,87.5,5.1,2,1,2,1,7,1,66.7
167,S1167,23,2,3.3,2.0,1.2,2,85.8,6.9,3,0,2,3,7,1,72.2
168,S1168,23,2,1.7,3.3,0.6,1,89.0,5.4,2,5,3,3,4,2,50.1
169,S1169,22,2,4.4,3.5,2.7,2,87.0,7.8,2,2,3,3,1,1,62.4
170,S1170,24,2,5.8,2.1,2.8,1,74.7,9.3,2,1,3,3,6,1,96.6
171,S1171,21,1,5.3,2.4,0.1,1,85.5,5.5,1,0,3,3,3,2,85.8
172,S1172,19,2,3.2,0.7,3.5,1,74.3,7.1,1,5,2,3,5,1,68.3
173,S1173,20,1,5.7,2.1,2.4,1,85.8,5.6,2,3,1,3,4,2,83.8
174,S1174,24,2,3.7,3.6,3.3,2,80.2,7.7,1,5,2,2,2,1,69.3
175,S1175,22,3,3.0,3.2,0.3,1,100.0,5.0,1,3,1,3,7,1,65.3
176,S1176,19,2,2.6,3.1,0.3,1,84.6,7.1,1,6,2,1,5,2,77.5
177,S1177,19,2,3.0,2.6,1.6,1,71.0,5.5,2,0,1,1,7,2,55.0
178,S1178,17,3,2.9,2.5,2.4,2,83.7,6.3,3,5,4,3,9,1,65.2
179,S1179,19,1,3.8,1.7,3.8,1,90.2,5.3,1,2,2,1,4,1,58.1
180,S1180,21,1,3.7,3.3,2.6,2,100.0,7.5,2,5,4,3,5,1,69.2
181,S1181,23,2,3.5,3.0,1.5,2,79.1,5.5,1,0,3,1,9,1,67.4
182,S1182,22,2,4.2,3.1,0.7,1,69.2,7.2,1,1,1,2,10,1,79.9
183,S1183,19,1,5.3,1.9,3.2,1,93.2,6.1,2,1,2,1,4,2,85.7
184,S1184,17,1,4.9,0.0,0.7,1,71.2,6.4,2,5,1,2,5,1,96.2
185,S1185,21,1,1.3,3.8,3.6,2,80.6,6.7,2,5,3,3,5,1,40.4
186,S1186,18,1,0.0,1.9,1.5,1,82.4,5.6,2,3,3,1,8,1,55.2
187,S1187,23,2,4.9,1.5,3.5,1,84.3,6.8,2,0,3,1,4,1,73.8
188,S1188,23,1,1.4,3.3,2.5,1,91.9,8.3,2,3,2,2,4,2,46.5
189,S1189,22,2,3.2,2.0,1.6,1,78.2,5.6,2,2,2,1,7,2,60.5
190,S1190,23,2,1.7,3.8,1.2,1,82.3,7.9,3,6,1,3,5,1,55.4
191,S1191,19,2,0.8,3.2,1.4,1,84.9,8.3,1,1,1,1,6,1,45.1
192,S1192,17,1,4.3,3.3,2.3,1,86.5,5.5,3,4,1,3,6,1,69.4
193,S1193,23,2,4.6,0.9,1.9,1,86.0,4.8,1,4,1,3,6,1,81.3
194,S1194,23,2,2.6,4.0,1.1,1,89.4,6.9,1,0,2,3,10,1,66.6
195,S1195,18,1,0.0,2.8,1.6,1,93.4,5.8,2,0,3,3,5,1,26.7
196,S1196,18,2,2.7,2.1,1.9,1,88.9,8.7,1,4,2,2,5,1,64.5
197,S1197,20,1,4.1,2.7,0.0,1,89.5,6.5,2,0,1,1,9,2,87.1
198,S1198,21,2,1.3,0.4,2.3,2,69.2,5.5,1,1,2,3,8,2,42.2
199,S1199,19,1,3.8,3.0,0.7,1,85.5,5.1,2,2,3,3,4,1,61.6
200,S1200,23,1,3.5,1.3,0.5,1,89.8,7.8,2,2,3,3,7,1,81.9
201,S1201,24,2,4.4,0.9,0.0,1,92.3,5.8,2,3,2,3,8,1,96.5
202,S1202,23,2,3.7,0.7,0.0,1,78.1,6.6,2,1,4,1,9,1,85.1
203,S1203,17,2,2.0,3.8,0.3,1,78.4,7.6,2,6,1,2,5,1,58.5
204,S1204,20,2,5.3,1.7,1.0,1,79.3,5.9,2,0,3,3,3,2,78.4
205,S1205,21,3,3.3,4.3,3.9,1,90.4,6.4,2,0,2,3,4,1,56.4
206,S1206,24,2,3.5,1.9,1.2,1,95.3,6.5,3,6,3,1,10,2,92.6
207,S1207,20,1,2.1,0.5,2.0,1,80.9,7.3,3,3,3,3,6,2,62.3
208,S1208,22,2,2.8,1.2,2.2,2,94.1,7.2,2,3,2,1,10,1,75.8
209,S1209,21,1,2.2,4.0,1.9,1,86.2,6.2,3,0,2,1,5,2,47.1
210,S1210,23,1,3.2,2.3,1.7,2,83.8,6.6,3,0,1,3,9,1,66.3
211,S1211,23,1,6.1,1.8,0.5,1,82.9,6.1,1,6,3,3,3,2,98.3
212,S1212,21,2,1.4,2.7,3.4,1,92.5,4.7,3,1,3,1,2,2,29.7
213,S1213,23,2,1.1,3.1,3.8,1,88.3,6.8,1,6,3,2,6,1,45.5
214,S1214,19,2,5.7,3.8,0.0,1,100.0,8.8,2,3,4,1,7,1,100.0
215,S1215,21,1,3.2,4.2,0.7,1,76.5,5.4,1,6,2,3,5,2,67.5
216,S1216,20,1,2.5,2.1,1.5,1,90.2,5.6,2,6,2,1,1,2,60.3
217,S1217,21,3,5.1,0.9,0.7,1,79.7,5.5,2,6,2,3,3,1,87.0
218,S1218,24,2,2.6,2.0,2.4,1,76.3,7.4,2,1,3,3,3,1,48.5
219,S1219,23,1,6.2,2.8,1.0,1,84.9,7.0,2,5,1,3,4,1,100.0
220,S1220,19,1,4.5,1.3,4.2,1,86.4,6.3,2,0,2,1,10,1,82.1
221,S1221,19,2,2.8,1.4,3.1,1,100.0,5.4,3,4,2,3,6,2,63.7
222,S1222,22,2,6.7,2.9,2.0,1,83.2,6.6,1,6,3,1,5,1,100.0
223,S1223,20,1,2.6,2.4,2.9,1,73.7,4.6,2,4,1,1,1,1,41.9
224,S1224,18,1,4.6,2.5,3.0,1,87.7,6.7,2,5,3,2,6,1,72.7
225,S1225,18,1,3.9,1.6,1.2,1,64.3,7.5,1,0,1,1,9,2,74.3
226,S1226,21,2,5.5,2.2,0.9,2,84.1,5.0,2,3,3,3,1,1,88.7
227,S1227,22,1,5.8,1.4,1.9,1,85.2,4.7,1,4,3,1,8,2,96.6
228,S1228,17,2,3.5,3.6,2.7,1,92.9,8.4,2,3,2,1,8,2,72.6
229,S1229,21,2,2.4,3.7,2.0,1,94.7,5.8,1,4,2,3,3,2,52.4
230,S1230,22,2,4.2,0.3,0.1,1,80.0,7.9,3,3,2,2,9,2,100.0
231,S1231,20,1,2.5,1.4,0.9,1,83.5,6.3,1,6,3,3,8,1,73.1
232,S1232,20,1,6.5,0.7,1.7,1,77.3,6.3,1,4,1,1,3,1,100.0
233,S1233,20,1,3.7,1.7,1.7,1,73.7,7.0,2,3,1,2,10,2,80.8
234,S1234,20,2,3.0,2.4,4.0,1,88.1,5.4,3,5,2,3,5,1,62.9
235,S1235,20,1,3.8,0.8,0.3,1,72.3,6.7,2,1,2,2,3,1,71.5
236,S1236,22,2,1.5,1.4,2.4,1,80.9,6.0,1,3,2,3,5,1,46.2
237,S1237,22,1,2.0,1.3,3.4,2,75.0,4.9,2,1,2,1,9,1,53.8
238,S1238,19,2,5.3,2.7,4.3,1,90.5,6.9,2,1,3,2,4,2,74.2
239,S1239,24,2,2.5,2.6,1.4,1,100.0,6.2,3,0,1,2,6,1,52.5
240,S1240,18,2,1.9,1.6,2.3,1,72.0,6.3,2,6,1,2,3,1,51.2
241,S1241,23,2,4.3,2.7,2.4,2,66.5,5.0,2,5,3,2,3,1,60.6
242,S1242,20,1,5.3,1.8,2.0,1,83.8,8.4,1,1,3,3,5,1,91.5
243,S1243,17,1,4.6,2.2,1.7,1,85.2,7.6,2,2,3,1,8,1,87.3
244,S1244,23,2,5.0,4.5,2.3,1,87.2,7.7,1,6,2,1,8,1,98.0
245,S1245,22,1,2.4,4.1,0.0,1,80.5,6.1,2,1,3,1,3,2,47.9
246,S1246,17,2,1.4,0.9,2.6,2,83.0,4.4,3,3,3,3,8,1,51.0
247,S1247,17,1,5.8,3.5,1.9,1,88.7,8.8,2,1,3,3,8,2,90.0
248,S1248,17,1,3.0,3.5,1.6,1,95.4,6.4,2,3,2,3,3,1,54.1
249,S1249,19,1,3.1,1.1,4.1,1,65.4,5.6,1,3,2,3,10,2,58.4
250,S1250,22,2,5.5,3.5,1.1,2,81.3,7.0,1,2,2,1,10,1,100.0
251,S1251,17,1,4.3,4.3,1.4,1,87.1,7.9,2,1,1,1,2,1,65.2
252,S1252,20,1,4.2,1.2,4.0,1,75.8,6.5,2,1,2,3,10,1,85.3
253,S1253,21,2,6.7,1.4,0.9,1,100.0,8.0,2,4,3,3,2,1,93.8
254,S1254,17,2,2.5,3.7,1.2,2,78.6,7.8,1,6,3,1,9,1,78.8
255,S1255,19,1,4.9,2.8,1.6,1,84.6,5.2,1,4,2,1,7,1,85.0
256,S1256,23,1,3.6,3.2,2.7,1,90.6,5.7,1,0,3,3,6,1,64.5
257,S1257,22,1,3.9,2.9,2.0,1,79.1,7.6,2,3,1,3,7,1,71.0
258,S1258,24,1,5.8,3.0,0.4,1,66.5,3.2,2,2,2,1,8,1,90.8
259,S1259,19,1,4.3,0.9,1.2,1,80.7,6.3,2,4,1,3,1,1,72.6
260,S1260,17,2,4.3,3.8,1.1,1,95.3,4.8,2,1,2,1,8,1,70.9
261,S1261,22,2,5.1,3.9,1.7,2,81.6,5.9,2,0,4,2,3,2,65.1
262,S1262,21,2,3.0,2.2,2.3,1,76.5,6.1,3,2,1,1,3,1,49.1
263,S1263,17,1,2.2,2.4,2.3,2,94.3,6.1,3,5,3,1,6,1,62.7
264,S1264,19,2,1.9,0.7,0.0,1,81.7,5.8,1,1,1,2,4,1,51.5
265,S1265,18,1,0.6,3.1,3.0,1,79.9,5.2,1,1,3,3,4,1,18.4
266,S1266,20,1,6.6,3.2,2.1,1,86.5,9.3,2,5,1,1,4,2,100.0
267,S1267,24,1,1.8,2.4,3.3,2,92.7,8.7,2,3,3,3,10,1,53.3
268,S1268,23,2,3.2,3.8,2.3,1,100.0,5.1,2,3,3,2,9,1,76.1
269,S1269,19,1,3.1,2.1,3.0,1,93.3,8.4,1,4,3,1,8,1,85.6
270,S1270,22,2,4.0,3.2,2.3,2,96.6,6.0,1,4,2,3,3,2,63.0
271,S1271,24,1,4.7,1.3,3.3,2,79.9,6.7,1,1,1,3,1,1,73.6
272,S1272,24,2,4.8,2.5,2.4,2,74.7,6.4,1,6,2,3,1,1,76.2
273,S1273,24,2,2.6,2.3,1.7,1,85.6,5.7,2,1,3,3,1,2,45.5
274,S1274,17,1,3.2,2.8,4.3,1,86.1,7.7,2,4,2,1,4,2,58.6
275,S1275,20,2,3.9,2.1,2.8,1,74.2,6.7,2,5,3,1,6,1,77.8
276,S1276,17,2,3.1,2.3,2.4,2,83.2,5.9,2,4,2,3,4,2,61.5
277,S1277,22,1,5.9,3.5,0.4,1,89.0,4.9,1,1,4,3,3,1,71.4
278,S1278,17,1,4.2,2.0,0.4,1,88.6,5.4,2,2,1,3,8,2,93.9
279,S1279,18,1,4.6,0.6,2.1,1,90.0,4.5,3,1,2,3,8,1,85.9
280,S1280,20,1,4.5,4.6,2.0,1,87.9,6.5,2,2,3,3,6,1,73.8
281,S1281,20,1,5.3,4.2,1.1,2,79.9,5.1,1,2,2,1,9,1,83.3
282,S1282,22,2,3.8,0.9,2.0,2,79.9,6.2,2,1,4,3,10,1,79.7
283,S1283,23,2,1.6,3.3,3.5,2,73.0,8.1,1,6,2,3,1,1,47.1
284,S1284,18,2,4.1,1.9,2.6,1,100.0,7.9,2,6,3,3,8,1,91.9
285,S1285,19,1,2.5,2.8,0.5,2,85.1,6.5,3,0,4,2,6,2,60.6
286,S1286,17,1,2.7,2.9,1.7,1,82.8,6.4,2,4,1,1,1,1,46.6
287,S1287,21,2,4.4,2.2,0.9,1,75.7,8.8,1,6,2,2,4,2,84.2
288,S1288,17,2,5.4,1.6,1.4,1,100.0,7.1,2,3,2,1,5,1,95.5
289,S1289,24,1,3.5,1.7,1.3,1,74.3,6.1,1,1,2,3,7,2,73.5
290,S1290,17,2,4.0,1.4,1.3,1,80.7,4.8,2,2,4,2,8,1,75.9
291,S1291,19,1,6.1,1.5,0.4,1,89.2,7.0,3,1,3,1,9,1,100.0
292,S1292,17,1,3.9,2.4,1.7,2,91.0,7.5,1,4,1,1,6,2,74.2
293,S1293,18,1,7.4,1.6,1.2,1,94.6,5.7,2,5,3,3,10,2,100.0
294,S1294,18,2,4.3,3.3,0.0,1,100.0,6.8,2,6,2,1,9,1,94.9
295,S1295,20,1,0.9,4.3,4.1,1,90.1,6.1,1,6,2,1,4,1,27.6
296,S1296,22,1,4.6,1.8,3.0,1,74.4,6.3,2,6,2,1,8,1,86.2
297,S1297,23,1,4.1,2.8,1.4,1,82.4,3.5,1,2,1,1,3,1,60.1
298,S1298,21,1,5.4,3.1,1.8,1,88.1,6.2,3,3,2,1,4,2,91.3
299,S1299,24,1,4.5,3.1,0.5,1,100.0,7.7,2,3,3,1,10,1,93.8
300,S1300,17,1,3.3,2.6,3.7,1,71.0,5.7,3,6,2,3,4,2,61.6
301,S1301,17,2,1.7,3.4,3.9,2,97.0,6.6,1,3,2,1,6,1,41.7
302,S1302,19,1,3.2,3.1,2.0,1,86.8,5.6,2,5,2,2,9,1,74.5
303,S1303,22,1,2.2,1.0,2.9,1,93.4,6.9,1,6,4,3,6,1,63.7
304,S1304,18,2,2.6,3.5,2.0,1,84.0,6.2,1,0,3,1,1,1,39.6
305,S1305,21,1,4.4,3.6,0.3,1,76.6,5.4,2,2,2,3,5,2,87.5
306,S1306,20,1,6.0,1.6,1.3,1,92.5,8.1,2,5,3,1,9,1,100.0
307,S1307,18,1,4.1,2.5,1.9,2,91.5,7.6,2,2,4,3,5,1,75.4
308,S1308,24,2,1.7,3.3,1.3,1,94.7,5.8,2,6,1,3,6,2,61.5
309,S1309,22,2,4.2,2.2,1.6,1,84.9,7.1,2,5,2,3,3,2,73.3
310,S1310,24,3,5.3,3.8,1.7,1,79.0,7.1,1,6,1,1,8,1,96.3
311,S1311,23,1,2.6,5.3,1.7,2,69.4,7.3,1,5,3,1,10,1,67.0
312,S1312,20,2,3.3,1.6,1.9,1,93.2,4.5,1,6,1,1,4,1,70.1
313,S1313,23,1,3.5,0.8,0.6,1,89.2,7.7,1,0,2,3,4,1,84.2
314,S1314,19,1,2.3,2.9,1.0,1,75.3,5.8,1,2,3,3,5,2,48.9
315,S1315,24,1,4.5,3.4,0.4,1,79.6,6.1,2,5,2,2,10,1,98.8
316,S1316,19,1,3.3,2.2,2.9,2,80.3,9.7,1,0,2,2,9,1,76.1
317,S1317,17,2,4.1,4.2,0.0,1,70.2,6.9,1,1,2,1,8,2,80.4
318,S1318,23,2,2.2,0.9,3.1,1,76.8,6.0,2,6,2,2,7,1,64.1
319,S1319,22,2,2.8,3.3,3.3,1,73.7,3.9,1,4,1,1,5,2,59.4
320,S1320,24,1,4.6,1.8,1.5,1,80.9,8.2,2,5,4,2,9,2,94.2
321,S1321,21,2,2.9,4.6,0.0,2,77.6,4.9,1,3,3,3,9,2,67.8
322,S1322,20,2,6.1,4.9,1.4,1,68.7,5.3,1,0,3,3,10,1,96.1
323,S1323,18,2,2.9,1.6,1.7,1,100.0,6.1,1,0,3,3,10,1,70.2
324,S1324,22,1,3.8,1.8,0.7,1,97.5,8.2,2,5,3,1,2,1,84.2
325,S1325,22,1,4.9,3.5,1.2,1,77.2,7.4,1,0,2,3,4,1,75.4
326,S1326,19,2,1.4,2.0,3.5,1,87.7,6.3,2,1,3,3,8,1,41.7
327,S1327,23,2,0.9,2.4,2.5,1,89.2,6.9,2,0,2,2,1,1,23.1
328,S1328,24,1,1.2,2.5,0.8,2,96.9,5.8,1,4,1,3,5,1,50.3
329,S1329,24,2,5.4,0.2,0.0,1,76.8,6.7,2,4,3,1,8,1,100.0
330,S1330,17,2,2.7,2.5,1.4,1,95.9,6.6,1,6,1,1,2,1,52.2
331,S1331,17,2,7.3,1.7,1.6,1,79.5,7.7,2,6,4,1,2,2,100.0
332,S1332,20,2,2.7,1.9,2.3,1,71.6,7.7,2,3,2,2,8,1,71.2
333,S1333,19,2,3.8,4.2,1.2,1,92.2,7.1,1,1,2,3,10,1,72.3
334,S1334,22,1,5.8,1.0,2.4,1,97.9,6.1,2,4,4,1,9,1,100.0
335,S1335,24,2,6.5,3.5,3.9,1,100.0,7.4,3,5,2,1,7,2,100.0
336,S1336,21,1,6.6,2.2,2.7,1,73.0,6.4,1,2,3,2,8,2,100.0
337,S1337,19,2,5.3,2.2,1.7,1,92.0,5.2,2,2,2,3,5,1,93.1
338,S1338,20,1,5.0,3.4,1.6,2,80.9,6.0,1,2,3,1,1,2,67.7
339,S1339,20,1,4.4,2.9,1.4,1,92.8,6.6,2,6,1,3,4,2,77.9
340,S1340,19,2,4.7,3.2,3.1,2,70.3,7.6,2,5,3,3,2,1,80.3
341,S1341,20,1,2.7,3.7,1.1,1,72.4,6.3,2,0,2,1,3,1,44.3
342,S1342,19,2,2.3,2.1,1.8,1,77.2,5.0,2,5,2,1,3,1,54.7
343,S1343,18,3,3.5,1.8,1.9,1,85.8,6.6,2,0,2,3,9,1,85.0
344,S1344,19,2,3.2,1.2,1.2,1,78.6,6.6,2,2,2,2,10,2,81.7
345,S1345,23,2,2.8,1.5,0.3,1,91.6,6.7,2,3,3,2,4,1,71.6
346,S1346,19,2,4.5,6.0,2.2,2,95.3,7.6,3,3,2,3,2,2,73.7
347,S1347,20,3,4.9,4.0,1.7,1,91.0,7.7,2,0,1,1,3,1,77.0
348,S1348,24,1,3.6,0.9,2.4,1,100.0,5.8,3,2,3,1,3,1,72.3
349,S1349,23,1,5.7,0.9,1.2,1,89.2,5.8,3,5,3,1,7,1,100.0
350,S1350,20,2,1.8,3.1,3.1,1,72.8,5.3,1,3,2,1,8,1,54.0
351,S1351,17,1,3.2,3.2,0.8,1,98.6,7.3,1,0,2,3,6,1,70.4
352,S1352,17,2,2.4,3.2,3.7,1,78.9,8.2,1,5,3,3,4,2,47.0
353,S1353,24,1,0.7,2.2,0.0,1,94.1,6.1,2,2,2,3,6,1,48.7
354,S1354,24,2,3.4,2.3,2.3,1,100.0,6.2,1,1,2,3,1,1,47.6
355,S1355,23,2,3.3,2.9,2.3,2,89.6,8.3,1,2,2,1,10,1,81.1
356,S1356,18,2,5.8,2.6,0.9,2,70.0,7.1,1,6,2,1,8,1,100.0
357,S1357,24,2,4.4,0.0,2.3,1,75.8,7.0,2,2,3,1,1,1,81.9
358,S1358,17,1,2.0,2.2,3.2,1,98.2,5.1,1,5,2,1,5,1,56.3
359,S1359,19,2,6.3,1.5,0.0,1,83.3,7.3,1,5,3,3,2,2,100.0
360,S1360,20,1,5.3,2.7,2.4,2,85.8,5.4,1,4,2,3,6,1,81.0
361,S1361,17,2,4.4,6.1,0.0,1,92.6,5.1,3,4,3,1,9,2,84.9
362,S1362,17,1,3.2,2.9,0.7,1,92.0,6.1,2,5,1,2,5,1,67.9
363,S1363,18,2,2.1,2.1,3.6,1,87.8,5.8,2,5,1,2,4,1,56.9
364,S1364,23,2,2.9,3.6,1.2,1,82.9,6.2,2,1,2,1,2,1,45.9
365,S1365,23,1,5.1,3.1,0.5,2,81.9,4.8,1,1,4,2,3,1,76.0
366,S1366,22,2,6.3,3.0,1.6,1,93.6,7.7,3,2,2,1,6,2,94.8
367,S1367,18,2,5.8,3.2,4.1,1,90.5,7.9,3,6,3,3,8,1,99.3
368,S1368,19,1,2.8,5.0,0.0,2,82.4,4.2,2,3,3,3,8,1,71.0
369,S1369,23,1,1.8,1.1,0.6,2,95.8,7.7,3,6,3,1,5,1,70.9
370,S1370,20,2,3.7,3.1,3.4,2,83.7,5.5,2,1,2,1,5,2,59.8
371,S1371,24,2,0.8,1.4,3.8,2,76.5,7.5,1,2,3,1,10,1,36.0
372,S1372,18,1,4.0,3.2,1.7,1,77.4,6.4,2,6,2,3,3,1,68.4
373,S1373,24,2,3.3,1.4,0.4,1,75.2,6.5,3,0,3,3,7,2,72.9
374,S1374,17,2,2.8,2.0,4.1,2,82.3,6.3,2,4,2,3,6,1,57.3
375,S1375,20,2,1.1,2.1,3.6,2,97.3,8.0,2,6,3,1,1,2,50.3
376,S1376,20,1,4.3,3.7,2.5,1,76.9,5.0,3,3,4,3,4,1,65.7
377,S1377,17,1,2.7,3.6,0.9,1,86.9,7.2,1,2,2,2,6,2,67.9
378,S1378,18,2,1.7,1.0,1.7,1,78.4,7.8,1,6,3,3,6,1,63.6
379,S1379,17,2,0.0,2.6,1.6,1,82.4,7.4,1,5,2,1,3,1,32.9
380,S1380,24,2,3.5,1.6,2.2,1,69.9,9.3,1,0,3,1,6,1,67.7
381,S1381,22,1,6.2,1.0,3.4,1,82.8,5.9,3,4,3,3,10,1,100.0
382,S1382,20,2,6.0,2.2,2.8,2,83.1,7.6,1,0,3,1,6,1,96.8
383,S1383,21,2,2.8,2.1,0.6,1,90.4,6.4,1,2,2,2,9,2,71.0
384,S1384,21,1,2.6,5.4,3.3,1,87.2,8.0,1,1,2,2,9,1,59.8
385,S1385,24,2,4.2,3.0,2.1,1,73.0,6.5,3,4,3,2,2,1,64.2
386,S1386,19,1,2.0,0.8,2.6,1,95.8,6.0,1,0,2,2,4,1,45.2
387,S1387,23,2,4.0,1.8,3.4,1,87.1,8.1,1,1,3,2,9,2,82.9
388,S1388,17,2,4.6,3.7,0.6,1,87.0,5.9,1,3,2,1,4,2,73.2
389,S1389,17,2,5.3,5.0,1.8,1,84.9,4.8,3,2,2,1,8,1,79.6
390,S1390,19,1,3.3,0.6,1.2,2,79.8,5.9,1,2,2,3,10,1,73.0
391,S1391,19,1,3.2,0.2,0.1,2,87.2,7.2,1,4,4,1,3,1,72.6
392,S1392,24,1,2.2,4.7,2.2,1,89.8,8.2,1,0,2,2,3,1,45.2
393,S1393,24,2,2.3,3.0,4.6,1,67.5,6.6,2,3,3,1,9,1,51.8
394,S1394,19,1,3.2,1.5,0.0,1,79.6,8.1,1,5,3,3,10,1,92.0
395,S1395,20,2,4.1,3.1,1.8,1,82.5,4.9,2,4,2,3,8,1,77.8
396,S1396,24,2,4.9,0.0,2.5,2,87.6,6.0,2,5,1,1,1,1,97.2
397,S1397,22,1,2.3,2.5,1.9,2,96.9,6.2,2,4,3,3,10,2,71.9
398,S1398,24,2,5.7,2.9,1.7,1,77.3,6.4,1,0,1,3,2,2,69.1
399,S1399,17,2,3.1,3.6,0.4,1,80.0,6.6,3,3,3,3,3,2,59.6
400,S1400,24,2,3.5,1.3,2.1,1,79.9,7.3,2,0,3,3,2,1,60.4
401,S1401,20,2,2.4,2.6,1.0,1,77.0,6.0,1,2,4,3,3,2,48.3
402,S1402,19,2,0.0,1.4,0.0,1,81.5,6.7,1,5,2,3,8,2,50.1
403,S1403,17,1,4.8,2.8,3.1,1,92.7,6.4,2,1,4,3,6,1,74.9
404,S1404,24,2,4.6,1.4,2.9,2,74.5,5.4,1,6,3,1,7,2,85.6
405,S1405,20,1,3.1,2.0,1.9,1,89.3,6.4,1,2,2,3,10,2,65.4
406,S1406,22,1,3.6,1.3,2.1,1,68.0,6.3,3,2,3,3,10,2,82.4
407,S1407,24,2,4.3,3.3,3.0,1,79.4,6.3,2,5,2,2,6,2,67.3
408,S1408,20,2,1.2,3.5,2.0,1,81.7,6.5,3,4,3,3,1,1,34.3
409,S1409,22,2,2.7,2.2,2.8,1,100.0,6.6,2,2,2,1,3,1,53.0
410,S1410,19,1,4.7,2.5,1.5,1,82.3,6.0,2,6,2,1,1,1,78.0
411,S1411,24,2,1.6,0.8,3.2,2,63.0,8.0,1,3,2,3,10,1,58.2
412,S1412,22,1,3.9,2.1,2.2,1,65.0,5.1,1,2,2,1,9,1,73.7
413,S1413,17,2,1.5,2.4,2.0,2,85.3,5.6,3,3,2,1,9,1,60.3
414,S1414,19,1,4.2,5.6,0.4,1,91.1,9.8,3,0,3,2,5,2,78.7
415,S1415,17,2,3.4,1.2,2.1,2,88.8,5.3,2,4,4,1,4,2,68.3
416,S1416,21,2,1.1,4.3,0.9,1,86.7,4.9,2,3,2,1,9,1,49.9
417,S1417,18,1,5.2,3.7,1.1,1,96.6,7.4,2,2,3,1,9,2,100.0
418,S1418,24,1,2.4,2.8,0.9,1,79.6,4.0,1,4,4,1,3,2,54.7
419,S1419,22,2,2.3,4.6,0.6,1,93.9,6.2,1,6,1,3,5,1,58.7
420,S1420,18,1,3.8,2.9,4.1,2,68.7,9.1,2,4,1,3,3,1,70.8
421,S1421,18,1,5.2,3.0,3.3,1,76.0,4.6,1,3,4,2,10,2,87.1
422,S1422,22,1,2.0,2.4,3.9,1,66.9,4.1,2,3,2,3,2,2,29.5
423,S1423,19,1,3.6,4.0,0.5,1,82.3,4.7,1,1,2,2,1,1,53.2
424,S1424,24,2,4.1,3.8,1.9,2,84.5,7.6,2,1,3,2,10,1,73.0
425,S1425,21,2,4.5,1.7,0.4,1,86.1,7.8,3,4,3,2,2,2,71.1
426,S1426,17,2,3.8,0.9,1.0,1,85.6,5.9,1,5,3,3,8,1,80.9
427,S1427,20,1,2.9,2.3,0.8,2,75.7,7.3,2,5,3,3,8,1,75.1
428,S1428,17,1,2.3,1.5,3.2,1,83.1,8.2,1,1,2,1,3,1,52.4
429,S1429,20,2,3.6,2.4,1.4,1,70.0,8.6,2,2,3,1,7,1,67.6
430,S1430,17,2,1.9,4.0,3.0,1,98.6,6.2,3,0,3,1,7,2,35.7
431,S1431,22,1,0.0,2.0,2.5,1,82.0,3.7,3,4,3,1,2,1,29.9
432,S1432,21,3,4.2,2.4,4.3,1,80.1,5.5,2,0,1,3,9,1,70.7
433,S1433,24,1,4.9,2.6,0.2,1,100.0,6.0,1,1,3,1,3,2,89.3
434,S1434,20,2,0.0,3.5,3.2,1,72.6,6.2,2,3,2,3,2,1,26.2
435,S1435,24,2,2.0,0.0,3.1,1,73.7,6.3,1,6,2,1,3,2,58.3
436,S1436,24,2,4.4,1.8,0.7,1,74.0,7.8,1,4,2,3,2,2,78.4
437,S1437,24,1,6.6,2.8,2.9,1,84.3,8.0,1,1,4,3,8,1,100.0
438,S1438,23,2,3.5,3.9,2.2,1,89.3,6.3,2,2,1,1,5,2,66.8
439,S1439,19,1,2.4,1.9,1.5,1,92.4,7.8,1,6,2,3,3,1,63.8
440,S1440,17,2,3.2,0.2,0.9,1,100.0,6.9,2,4,3,3,5,1,76.1
441,S1441,24,1,5.6,3.2,1.0,1,62.5,6.6,2,4,3,1,8,1,82.7
442,S1442,17,1,2.5,1.7,4.1,1,91.1,7.6,3,5,4,1,7,1,65.0
443,S1443,24,1,2.3,1.1,1.8,2,79.4,6.6,2,3,1,3,6,1,66.8
444,S1444,20,2,2.8,1.8,2.7,1,79.1,9.0,3,4,1,1,1,2,64.9
445,S1445,19,2,2.1,2.3,0.9,1,78.8,4.8,1,3,3,2,10,1,63.1
446,S1446,19,2,3.7,1.8,0.9,2,75.9,5.9,2,1,2,1,1,1,56.3
447,S1447,22,1,5.9,0.0,3.0,1,100.0,6.3,2,2,2,3,1,2,93.6
448,S1448,23,1,4.0,3.6,0.3,1,93.4,7.0,1,6,2,3,10,2,91.9
449,S1449,22,1,3.1,4.0,1.3,1,85.2,8.0,2,6,2,3,8,2,74.0
450,S1450,22,1,3.1,3.3,1.8,1,98.5,6.5,2,2,3,1,8,1,62.7
451,S1451,22,1,1.2,1.1,1.9,1,69.9,4.8,3,4,1,2,7,1,58.6
452,S1452,22,2,4.8,2.3,1.6,2,71.7,7.5,1,4,3,3,6,1,89.3
453,S1453,22,1,3.4,2.5,2.2,1,63.2,7.4,3,1,1,3,4,1,63.4
454,S1454,21,2,3.2,3.2,2.6,2,78.0,4.2,2,5,3,2,1,1,46.7
455,S1455,19,2,8.3,3.3,2.6,2,86.6,6.5,2,5,2,1,9,1,100.0
456,S1456,22,1,3.9,1.6,0.7,2,86.0,4.6,1,5,1,2,1,1,68.7
457,S1457,24,2,2.4,2.6,1.5,1,86.5,5.7,1,3,2,3,4,1,58.9
458,S1458,19,2,2.9,3.0,3.1,1,70.9,5.4,1,5,1,3,3,1,59.0
459,S1459,19,1,5.2,4.2,2.8,2,93.0,7.5,3,2,2,3,7,1,77.9
460,S1460,18,2,3.7,3.3,0.3,2,87.4,6.6,2,6,2,3,5,1,72.3
461,S1461,21,1,1.3,3.4,2.2,1,92.3,5.0,2,6,1,2,5,1,49.7
462,S1462,22,2,4.9,2.6,0.0,2,66.1,7.6,3,3,3,3,4,1,80.9
463,S1463,17,2,2.5,4.2,1.9,2,88.1,4.8,2,1,1,3,1,1,44.5
464,S1464,20,2,6.3,3.0,3.9,2,73.1,6.9,2,2,1,1,5,1,85.3
465,S1465,23,2,5.1,1.5,0.8,1,81.0,5.5,2,6,4,3,4,1,83.2
466,S1466,24,1,2.8,4.2,0.9,1,90.3,6.1,1,2,3,1,10,1,59.7
467,S1467,17,2,5.4,3.3,2.6,1,85.9,7.1,2,6,2,3,8,1,98.1
468,S1468,21,1,3.6,2.0,0.1,1,76.5,7.1,1,0,3,3,2,2,66.8
469,S1469,20,2,4.8,1.9,1.1,1,85.1,8.1,2,1,3,3,8,2,96.1
470,S1470,21,1,4.2,2.9,2.5,1,69.7,6.4,2,1,2,3,1,1,60.4
471,S1471,24,1,2.2,3.1,1.1,1,96.5,6.9,2,0,3,2,4,1,33.8
472,S1472,19,1,2.5,2.7,1.5,1,82.9,6.0,3,3,3,1,3,1,56.1
473,S1473,20,2,5.0,2.9,2.6,1,96.2,6.7,3,6,2,1,5,1,80.6
474,S1474,19,2,3.0,4.5,2.3,2,79.7,7.0,2,6,3,3,5,1,52.6
475,S1475,24,2,2.9,3.8,2.1,1,79.8,6.4,1,6,3,3,5,2,52.1
476,S1476,17,1,2.1,2.7,1.4,1,77.4,4.3,1,5,1,3,4,2,39.9
477,S1477,24,2,4.1,3.6,2.2,1,93.8,6.9,3,5,2,2,8,1,84.0
478,S1478,17,1,6.6,1.3,1.7,1,77.9,6.9,1,5,2,3,3,2,97.7
479,S1479,20,1,1.9,3.0,2.3,1,91.4,5.7,1,5,3,3,4,1,43.3
480,S1480,20,2,3.5,4.7,1.3,2,81.2,5.0,1,5,4,3,1,1,55.9
481,S1481,22,1,5.6,2.2,1.6,1,65.2,8.3,1,0,1,2,7,1,84.6
482,S1482,21,2,3.4,1.5,0.7,1,79.3,7.1,2,1,4,2,1,1,67.0
483,S1483,22,2,4.2,1.7,1.8,1,73.2,6.2,2,3,3,2,2,1,76.0
484,S1484,21,1,1.9,1.2,0.9,1,85.3,5.1,2,2,3,3,7,2,56.9
485,S1485,22,1,4.1,1.6,0.6,1,73.1,5.5,2,5,2,3,1,1,77.5
486,S1486,19,1,3.2,2.1,2.1,1,94.3,8.1,2,0,4,3,3,1,69.4
487,S1487,20,2,5.0,0.8,2.0,1,84.1,6.7,2,6,3,1,6,2,94.6
488,S1488,17,2,5.3,2.5,2.7,2,83.2,5.8,1,3,3,1,6,2,93.4
489,S1489,21,1,7.4,3.6,1.3,1,91.6,7.1,1,3,2,3,6,2,100.0
490,S1490,24,1,4.4,1.4,2.2,1,94.6,5.5,1,3,1,3,2,2,63.6
491,S1491,21,1,4.0,4.3,2.4,1,84.8,8.3,1,0,2,3,2,1,53.0
492,S1492,17,2,3.8,3.1,2.3,1,77.3,8.1,1,2,2,3,6,1,67.8
493,S1493,22,1,3.0,3.7,0.9,1,67.3,5.9,3,5,3,1,10,1,73.9
494,S1494,21,2,4.0,1.7,2.0,1,78.1,5.7,2,3,2,3,5,1,66.5
495,S1495,23,2,3.1,3.5,2.2,1,78.8,3.4,2,0,1,3,7,1,49.9
496,S1496,19,1,3.8,1.2,1.8,1,86.1,4.7,1,6,2,1,7,1,73.9
497,S1497,20,2,5.5,3.6,0.0,1,81.5,4.9,2,1,4,1,5,1,80.3
498,S1498,17,1,2.0,2.7,2.0,1,91.9,6.7,1,6,2,1,8,1,71.7
499,S1499,20,2,5.2,3.2,4.2,2,78.9,6.1,3,0,3,2,10,1,83.3
500,S1500,23,2,5.5,1.1,1.4,1,84.4,4.9,2,0,3,3,6,1,84.5
501,S1501,21,1,3.3,1.4,1.0,1,96.8,6.2,1,0,3,2,5,1,74.9
502,S1502,21,1,0.3,3.2,2.2,1,88.4,7.1,3,3,4,1,4,2,34.0
503,S1503,24,1,2.6,1.4,2.1,2,84.4,7.1,2,0,2,1,7,1,63.0
504,S1504,23,1,5.4,3.1,3.1,1,79.0,4.2,2,1,3,3,4,1,77.9
505,S1505,17,1,3.5,0.9,0.4,1,78.7,6.3,2,3,4,1,5,2,72.9
506,S1506,24,1,2.0,3.5,2.6,1,76.5,4.8,1,6,1,3,5,1,53.2
507,S1507,19,1,2.7,1.0,2.4,1,79.6,7.6,2,1,4,2,1,1,57.3
508,S1508,24,2,4.8,3.2,1.6,1,92.6,7.4,2,4,3,2,1,2,76.6
509,S1509,18,1,4.3,3.3,2.2,1,82.8,5.4,3,6,2,1,3,1,64.6
510,S1510,17,2,3.1,1.7,2.9,2,71.5,5.6,1,0,3,1,3,2,51.1
511,S1511,18,3,2.9,3.2,2.8,1,100.0,5.9,2,5,2,1,2,1,63.0
512,S1512,23,1,2.9,2.8,0.5,1,88.2,3.8,1,5,4,2,2,2,61.6
513,S1513,22,2,2.1,1.9,2.7,2,70.9,6.9,1,3,2,3,6,1,62.5
514,S1514,18,1,5.9,1.3,1.7,1,80.6,6.2,2,5,2,3,1,2,87.1
515,S1515,19,1,3.0,0.1,1.9,1,86.1,7.7,1,6,2,2,6,2,82.5
516,S1516,24,2,5.3,2.9,1.9,1,100.0,5.2,1,3,3,2,5,2,80.9
517,S1517,22,1,5.8,0.6,1.6,1,73.9,5.8,2,6,3,3,6,1,100.0
518,S1518,24,1,5.0,2.6,3.1,1,94.8,4.7,3,0,3,3,5,1,79.6
519,S1519,18,2,2.9,2.2,1.7,2,99.0,5.3,1,2,3,1,7,1,71.2
520,S1520,24,1,4.1,3.3,0.6,2,78.7,5.1,1,2,3,3,1,1,62.7
521,S1521,23,2,3.5,2.1,1.4,1,82.2,7.7,2,1,2,3,3,1,64.2
522,S1522,22,1,2.1,2.1,2.0,1,74.6,5.7,2,0,2,3,6,2,44.1
523,S1523,23,3,4.0,3.4,3.2,1,83.0,6.6,1,5,2,1,1,1,61.7
524,S1524,18,1,1.7,2.9,2.5,1,84.6,6.0,1,0,3,1,7,2,39.9
525,S1525,23,2,5.3,2.9,0.9,1,91.6,5.0,1,4,2,2,4,1,84.1
526,S1526,19,1,2.8,3.1,4.5,1,95.9,6.3,2,2,4,3,3,1,40.7
527,S1527,18,1,3.8,0.7,2.1,1,77.5,7.2,1,5,3,3,10,1,81.8
528,S1528,18,2,3.9,3.4,3.2,1,65.3,5.1,2,6,2,1,9,2,77.0
529,S1529,18,1,3.1,3.2,1.6,1,84.8,7.5,2,6,1,3,1,1,65.7
530,S1530,17,2,4.4,1.3,2.4,1,87.9,5.5,1,2,1,3,8,2,80.9
531,S1531,24,1,2.8,2.2,2.7,1,87.5,5.9,1,0,4,3,1,2,47.4
532,S1532,17,2,4.8,2.5,3.1,2,81.7,7.1,2,5,2,3,5,2,83.0
533,S1533,17,2,1.5,2.3,3.0,1,86.2,5.7,2,1,2,3,10,1,54.2
534,S1534,19,2,3.7,2.9,2.8,1,100.0,6.5,1,6,3,1,8,1,82.5
535,S1535,22,1,6.4,4.2,1.5,2,88.8,6.1,2,0,2,3,6,1,85.0
536,S1536,24,2,2.0,3.8,1.2,1,81.3,6.7,1,1,3,3,7,2,40.4
537,S1537,23,1,2.5,0.9,2.2,2,80.0,3.6,1,5,3,1,8,1,58.9
538,S1538,21,2,4.3,3.2,2.8,1,83.3,4.3,3,2,2,2,6,1,67.5
539,S1539,18,2,3.8,4.1,1.6,1,100.0,7.2,1,4,4,3,6,2,81.0
540,S1540,23,1,4.0,3.0,3.0,1,83.2,7.7,1,3,3,1,6,2,74.7
541,S1541,18,1,4.2,3.8,3.4,2,84.8,5.4,1,2,2,3,5,1,67.4
542,S1542,19,2,4.5,4.9,0.8,1,80.2,6.2,1,1,3,2,8,1,72.2
543,S1543,18,1,5.2,3.7,0.9,1,96.0,6.9,1,0,2,2,2,1,77.1
544,S1544,17,1,4.1,2.8,1.6,1,100.0,7.3,3,6,3,1,7,1,87.9
545,S1545,24,1,3.1,3.8,2.1,1,89.5,4.1,2,5,1,1,4,2,54.1
546,S1546,21,2,4.5,2.7,1.2,2,85.8,5.4,1,2,1,3,1,2,62.9
547,S1547,20,2,6.3,2.5,3.3,1,85.4,6.1,2,6,2,3,5,1,95.6
548,S1548,18,1,3.3,2.1,2.3,1,61.2,7.3,3,6,2,2,3,1,67.1
549,S1549,23,2,2.0,4.4,1.8,1,92.5,9.5,1,4,3,1,4,1,51.5
550,S1550,17,1,5.2,1.5,0.2,2,86.3,6.2,1,5,2,1,7,1,97.9
551,S1551,20,1,3.3,4.3,0.4,2,89.3,4.8,3,1,2,1,5,1,67.0
552,S1552,21,1,0.2,3.1,2.1,2,77.9,7.0,1,5,1,3,4,2,31.5
553,S1553,20,1,4.8,0.8,0.0,1,81.2,8.1,1,5,2,1,1,1,88.0
554,S1554,17,3,2.7,2.9,2.9,1,80.9,6.6,2,0,4,2,6,1,53.4
555,S1555,24,2,3.4,0.0,1.6,1,95.2,5.4,1,3,4,1,10,2,83.4
556,S1556,24,1,4.0,3.3,5.4,1,81.2,7.6,2,6,3,2,6,1,79.0
557,S1557,22,2,3.8,3.6,4.3,1,100.0,7.3,3,1,3,2,7,2,69.9
558,S1558,24,2,4.6,1.8,1.6,1,89.3,5.3,2,0,2,1,1,2,60.1
559,S1559,22,1,2.8,2.6,1.7,1,72.2,7.0,2,6,2,3,4,1,70.3
560,S1560,20,1,4.3,4.8,2.9,2,83.7,7.7,2,3,2,3,9,1,79.8
561,S1561,19,3,3.1,1.9,3.7,1,78.5,7.9,1,0,3,3,10,2,66.6
562,S1562,23,1,4.6,1.2,0.0,1,63.1,6.4,1,3,4,1,6,1,91.7
563,S1563,23,2,4.4,4.3,0.0,2,100.0,6.1,2,3,1,1,2,1,70.1
564,S1564,20,2,2.1,4.9,1.1,1,92.0,8.0,1,3,2,1,4,1,61.5
565,S1565,18,1,5.1,2.5,2.4,1,90.3,5.0,3,0,1,3,6,1,79.3
566,S1566,18,2,2.7,3.7,2.3,1,86.7,7.0,3,5,2,3,4,2,63.9
567,S1567,24,2,4.7,4.1,3.0,1,71.2,4.9,1,3,3,2,10,2,93.1
568,S1568,23,2,4.1,1.6,0.5,1,80.2,7.8,3,5,2,2,7,2,89.8
569,S1569,23,2,6.3,1.9,0.0,1,93.4,6.2,2,6,4,3,3,2,100.0
570,S1570,22,2,3.2,4.0,2.7,1,74.5,8.0,1,6,1,3,6,2,61.8
571,S1571,19,2,3.0,4.5,0.9,1,59.7,7.1,2,1,1,3,4,2,51.5
572,S1572,17,2,3.5,3.2,0.0,1,82.7,5.0,1,4,2,3,3,1,60.4
573,S1573,18,2,3.0,1.4,2.0,1,83.6,8.2,2,5,3,3,3,1,67.2
574,S1574,23,3,4.7,4.9,2.7,1,86.4,8.4,3,6,3,1,2,1,89.6
575,S1575,22,2,1.1,1.9,1.7,1,92.3,7.6,2,4,1,3,3,2,48.3
576,S1576,21,2,1.9,2.1,1.3,1,91.4,5.6,2,3,2,3,10,1,61.7
577,S1577,22,1,1.9,2.9,1.6,2,87.6,6.1,2,4,3,3,1,2,44.4
578,S1578,18,2,4.9,4.4,1.4,2,97.0,6.7,2,4,2,1,3,1,77.2
579,S1579,18,1,6.1,3.5,0.3,2,69.8,5.7,1,3,2,1,9,2,100.0
580,S1580,22,1,3.3,3.0,1.0,1,90.0,8.5,1,5,1,1,4,1,73.0
581,S1581,17,2,3.2,3.1,2.4,1,91.3,6.7,2,3,2,1,3,1,68.5
582,S1582,20,2,3.6,2.6,2.2,1,72.6,3.3,2,1,2,3,8,1,61.0
583,S1583,18,1,5.2,3.2,2.0,1,70.0,6.9,2,2,3,2,1,2,70.5
584,S1584,22,1,2.1,0.0,0.7,1,77.5,6.1,1,0,3,1,5,1,52.5
585,S1585,23,2,3.9,2.1,1.6,1,78.4,6.4,1,3,2,3,1,1,62.8
586,S1586,22,1,5.0,2.8,0.0,2,92.5,6.1,2,3,2,2,7,2,83.5
587,S1587,19,2,4.3,1.1,2.0,1,78.9,7.5,1,4,1,1,5,1,71.4
588,S1588,20,3,3.8,3.0,3.4,1,76.4,7.8,2,1,2,1,2,1,61.5
589,S1589,21,2,5.0,2.3,0.2,1,78.9,6.8,3,6,3,3,1,1,75.4
590,S1590,17,1,0.0,4.6,1.2,1,96.2,6.1,3,6,3,1,7,1,42.0
591,S1591,24,1,4.5,4.4,2.2,1,85.1,6.5,2,4,2,3,1,1,64.0
592,S1592,21,1,2.5,1.9,3.2,2,83.2,6.5,2,5,1,1,3,1,60.1
593,S1593,20,1,0.8,2.3,1.3,2,83.9,5.5,3,3,3,3,6,1,34.7
594,S1594,20,2,4.3,2.4,1.0,2,97.9,7.2,1,3,2,1,6,1,88.0
595,S1595,20,2,5.6,2.0,0.0,1,77.5,7.1,2,4,3,1,7,1,100.0
596,S1596,21,2,3.3,2.7,1.9,1,98.2,8.3,2,3,3,2,1,1,66.1
597,S1597,23,2,4.9,1.6,4.0,1,87.1,8.0,2,5,3,2,7,1,95.5
598,S1598,20,1,5.9,1.1,2.1,2,83.4,5.7,3,2,1,1,2,2,86.4
599,S1599,22,2,5.5,3.2,1.8,1,100.0,7.5,2,0,2,2,6,1,77.3
600,S1600,21,2,6.0,3.3,2.2,1,74.4,5.4,2,0,2,1,8,2,90.2
601,S1601,24,3,4.6,1.5,1.8,1,81.5,7.3,2,0,2,3,5,2,80.2
602,S1602,20,1,3.6,3.6,0.9,1,72.7,5.9,3,2,4,1,10,2,72.9
603,S1603,22,1,1.1,1.7,2.7,1,94.5,5.3,2,3,4,1,3,1,35.8
604,S1604,23,3,3.1,2.8,2.0,1,100.0,6.8,3,4,1,3,8,2,72.8
605,S1605,19,2,2.2,3.5,1.8,1,100.0,3.3,1,6,3,3,8,1,67.6
606,S1606,23,2,6.8,2.5,0.7,1,97.2,4.4,1,1,3,2,4,1,93.1
607,S1607,24,1,3.2,3.0,3.2,1,83.0,6.3,3,3,3,1,8,2,57.5
608,S1608,20,1,3.7,1.9,2.5,1,81.3,6.6,2,2,3,3,5,2,61.1
609,S1609,24,2,4.3,2.3,1.2,1,68.3,6.1,3,5,2,2,5,1,77.4
610,S1610,21,1,3.6,2.3,2.9,1,100.0,4.6,2,2,1,3,3,1,69.6
611,S1611,18,2,6.0,1.6,1.3,1,89.7,5.5,2,6,2,2,7,1,100.0
612,S1612,20,2,2.6,2.3,0.9,1,80.1,7.0,2,0,1,3,9,1,69.3
613,S1613,18,1,3.8,0.6,1.0,1,98.3,7.2,2,3,3,1,9,1,85.7
614,S1614,22,1,2.4,1.9,0.0,1,75.3,6.5,1,6,2,3,1,1,53.9
615,S1615,19,1,1.5,2.2,2.3,1,89.1,7.9,2,0,3,1,1,1,43.7
616,S1616,17,2,2.6,2.2,0.0,1,83.3,7.0,2,1,3,3,10,1,79.3
617,S1617,24,1,3.4,2.2,0.4,1,91.4,5.6,2,5,2,2,5,1,71.3
618,S1618,23,2,2.9,2.4,0.0,1,84.4,6.2,1,0,3,1,1,2,61.4
619,S1619,19,2,2.5,3.1,1.7,1,70.5,4.8,1,1,2,3,4,1,45.1
620,S1620,20,1,1.4,3.5,1.6,1,85.8,6.4,2,2,4,1,1,1,39.8
621,S1621,18,1,3.4,1.7,1.4,1,95.5,7.8,1,0,1,3,2,1,70.7
622,S1622,23,1,1.2,1.1,0.7,1,84.7,7.3,2,0,3,1,2,2,35.6
623,S1623,18,1,4.6,1.2,0.5,1,92.8,8.2,1,4,1,3,4,1,93.0
624,S1624,21,1,3.6,1.9,2.3,1,74.5,6.1,1,5,3,1,8,2,83.2
625,S1625,18,1,1.3,2.1,1.2,1,84.7,8.1,3,5,2,3,2,2,46.6
626,S1626,21,2,3.0,1.6,2.1,1,78.8,6.3,1,6,3,3,9,2,70.8
627,S1627,22,2,2.4,0.9,0.8,1,92.5,8.3,2,2,3,1,9,1,78.3
628,S1628,23,2,4.0,2.0,2.0,1,85.3,6.5,2,4,1,3,2,2,70.7
629,S1629,23,2,5.5,2.7,3.2,2,91.9,7.3,2,6,2,3,1,1,82.6
630,S1630,17,1,0.7,3.2,2.4,1,95.9,8.3,1,1,1,1,10,2,50.3
631,S1631,20,1,3.7,1.8,1.3,1,91.9,6.3,2,6,1,3,10,1,80.9
632,S1632,21,2,3.3,2.0,2.1,1,87.7,6.8,3,1,3,2,9,2,75.4
633,S1633,17,2,4.5,1.4,1.5,1,75.0,8.0,1,2,1,3,2,2,83.7
634,S1634,18,1,3.8,2.5,1.8,1,85.0,6.3,3,5,2,1,8,1,76.8
635,S1635,18,2,2.4,1.5,1.4,1,79.7,4.9,3,1,1,2,3,1,45.8
636,S1636,17,1,3.0,3.2,1.6,1,81.6,9.1,2,2,3,1,1,2,58.4
637,S1637,23,1,2.3,0.4,2.0,1,81.3,5.9,2,6,4,3,1,2,70.3
638,S1638,18,1,5.1,2.1,0.7,2,75.2,6.7,2,1,1,3,10,2,99.4
639,S1639,24,1,3.5,2.9,0.7,1,65.4,7.9,3,3,2,3,2,1,62.9
640,S1640,22,1,6.4,2.7,0.3,2,78.3,5.8,1,0,2,1,7,1,98.0
641,S1641,22,2,3.4,5.7,0.0,1,86.9,5.3,1,6,3,2,6,1,74.7
642,S1642,24,1,2.4,2.9,0.5,1,71.5,6.8,2,5,2,3,2,2,50.4
643,S1643,17,1,1.2,1.3,2.0,1,85.2,4.3,2,6,2,3,4,1,49.4
644,S1644,24,2,0.8,2.4,0.8,1,100.0,6.2,2,3,3,1,2,2,35.3
645,S1645,21,1,1.1,0.4,2.4,2,95.2,6.8,1,2,4,1,1,2,46.3
646,S1646,21,1,3.9,2.4,1.8,1,100.0,6.2,3,2,2,1,3,1,68.4
647,S1647,17,1,4.3,1.5,0.0,1,88.9,4.6,3,6,4,1,4,1,84.2
648,S1648,24,1,1.1,3.6,2.5,1,96.7,8.4,1,3,2,3,10,2,54.6
649,S1649,21,1,4.8,1.8,2.7,1,77.8,6.6,2,6,3,1,5,1,88.0
650,S1650,23,1,2.8,2.4,0.7,1,78.6,8.2,2,0,3,3,5,1,61.5
651,S1651,24,1,3.7,1.7,2.3,2,57.6,6.2,1,0,1,1,7,1,75.7
652,S1652,23,1,5.9,4.6,0.9,1,96.9,5.4,1,4,3,1,10,1,100.0
653,S1653,21,1,4.8,2.1,1.9,1,100.0,6.8,2,1,2,3,8,1,82.6
654,S1654,22,1,3.1,4.7,0.4,1,79.5,6.2,1,4,1,3,9,1,71.5
655,S1655,21,1,2.2,3.5,0.0,1,82.5,5.1,3,0,3,1,7,1,57.6
656,S1656,23,2,0.3,3.1,1.4,2,77.5,8.3,1,3,3,3,5,1,36.1
657,S1657,19,1,2.4,2.9,1.7,1,88.8,5.8,2,1,3,1,9,2,67.4
658,S1658,20,1,3.2,3.0,1.4,2,96.2,4.3,1,3,1,3,8,1,74.8
659,S1659,18,2,2.0,0.2,0.5,1,67.6,8.1,1,4,3,1,10,2,73.6
660,S1660,24,1,3.3,2.2,1.4,1,89.1,5.9,1,2,2,3,9,2,79.5
661,S1661,19,2,3.6,3.5,2.1,1,82.2,5.8,1,3,3,2,10,1,62.5
662,S1662,21,2,3.2,2.4,1.8,1,86.1,4.4,2,4,4,1,8,2,76.3
663,S1663,22,1,2.5,0.8,2.0,1,89.6,8.6,2,4,2,3,6,1,75.6
664,S1664,17,2,3.8,2.4,1.1,1,83.1,5.0,2,4,2,3,4,1,64.4
665,S1665,21,1,4.2,4.5,3.1,1,84.0,6.6,1,2,2,1,9,1,75.3
666,S1666,22,1,1.9,4.0,0.5,2,82.9,7.6,1,2,4,1,9,2,50.4
667,S1667,20,1,5.6,2.4,2.3,1,94.7,7.0,2,6,2,1,10,2,100.0
668,S1668,21,2,3.4,3.6,3.1,1,89.2,6.4,1,2,3,3,10,1,76.4
669,S1669,23,2,3.5,2.1,2.3,1,87.2,4.5,1,1,3,3,9,1,69.9
670,S1670,17,1,4.6,0.5,1.6,1,72.3,5.5,1,2,1,3,10,2,88.9
671,S1671,22,3,3.8,1.4,1.2,1,81.2,6.7,1,2,2,1,3,2,70.4
672,S1672,22,1,4.9,4.4,2.9,1,94.0,5.6,2,2,3,3,3,1,69.4
673,S1673,22,2,3.9,2.2,0.2,1,85.4,6.7,3,3,1,1,6,2,84.9
674,S1674,20,1,2.6,2.2,0.7,1,91.6,7.3,3,2,2,2,6,1,63.6
675,S1675,21,1,4.0,2.1,1.4,1,100.0,7.7,2,1,3,3,6,1,82.2
676,S1676,20,1,1.8,4.8,3.2,1,95.4,5.0,1,4,3,3,5,1,37.4
677,S1677,24,2,3.7,4.5,2.2,1,85.9,9.1,1,3,4,3,5,1,73.8
678,S1678,18,1,3.5,5.2,0.7,2,79.9,7.4,1,0,1,3,2,2,53.4
679,S1679,18,1,3.2,2.3,1.5,1,59.5,6.5,1,2,3,3,7,1,64.2
680,S1680,24,3,3.3,2.9,1.1,1,83.3,7.8,3,6,4,3,4,1,70.4
681,S1681,21,2,0.7,0.7,1.0,1,81.7,9.3,3,6,4,1,3,1,51.5
682,S1682,23,1,2.7,4.3,2.9,1,88.9,4.8,3,4,4,1,8,1,53.4
683,S1683,20,1,3.6,1.1,0.3,2,83.5,6.2,2,4,2,3,4,1,77.2
684,S1684,17,2,3.7,2.8,3.6,1,81.8,3.6,2,3,3,3,4,2,59.8
685,S1685,22,1,2.0,1.2,2.7,1,67.2,6.7,3,6,3,1,8,1,55.4
686,S1686,22,1,5.4,1.8,3.0,2,75.6,6.9,2,0,2,1,1,1,69.9
687,S1687,21,2,2.2,1.5,1.3,2,89.8,6.5,3,5,1,1,9,1,71.6
688,S1688,23,2,5.0,1.8,1.6,1,100.0,5.7,1,6,2,2,7,1,92.9
689,S1689,18,1,4.1,1.9,0.2,1,84.0,4.0,2,6,4,3,2,1,72.4
690,S1690,18,2,2.5,1.8,1.2,2,88.3,6.9,2,1,2,1,6,1,70.5
691,S1691,22,1,6.2,3.5,2.3,1,94.5,8.2,2,5,3,3,8,1,100.0
692,S1692,21,2,1.7,1.2,3.2,1,76.9,5.8,1,4,2,1,5,2,37.4
693,S1693,20,1,4.9,2.8,0.6,1,88.7,7.0,2,5,2,1,6,1,88.7
694,S1694,18,2,5.0,4.0,1.4,1,77.6,4.6,2,6,2,2,10,1,88.6
695,S1695,20,1,2.5,1.9,1.6,1,93.6,7.0,1,4,3,3,8,1,68.5
696,S1696,23,3,5.6,1.6,0.3,1,86.5,6.0,2,5,1,3,6,1,100.0
697,S1697,18,3,3.1,2.2,2.5,1,88.0,5.6,1,4,2,3,9,1,66.9
698,S1698,18,1,3.9,3.9,1.0,1,77.2,5.6,2,4,2,2,9,1,71.5
699,S1699,19,2,3.9,2.7,1.6,1,92.1,6.0,2,3,3,1,9,1,77.8
700,S1700,18,1,3.3,1.9,1.3,1,100.0,7.0,3,0,3,2,6,2,67.7
701,S1701,24,2,4.7,3.1,0.9,1,74.9,4.9,1,4,2,1,9,2,96.4
702,S1702,17,2,4.7,1.2,1.8,1,81.6,6.0,2,1,1,3,3,1,83.1
703,S1703,24,2,0.9,3.3,1.6,2,87.3,6.5,3,6,3,3,5,1,37.9
704,S1704,21,1,5.5,3.0,1.4,1,92.9,5.2,2,6,2,3,2,2,76.3
705,S1705,21,1,1.0,2.1,1.0,1,79.4,8.7,2,1,3,1,8,2,52.6
706,S1706,20,1,5.0,1.5,2.2,1,56.7,5.5,3,2,1,1,4,1,83.6
707,S1707,24,2,5.2,1.4,3.6,1,98.6,5.7,1,4,3,1,6,1,92.0
708,S1708,24,2,1.9,3.1,2.0,1,92.6,5.3,1,4,4,2,6,1,53.2
709,S1709,24,3,2.9,4.0,2.9,1,67.6,8.7,3,4,2,3,5,2,56.4
710,S1710,23,2,1.8,1.7,0.3,1,78.9,7.2,2,5,2,3,1,1,58.1
711,S1711,18,2,3.2,3.1,2.0,1,100.0,5.4,1,4,2,1,7,1,70.9
712,S1712,17,2,3.0,0.0,0.6,2,99.5,7.8,2,4,3,1,10,1,98.7
713,S1713,20,1,4.7,1.8,0.2,2,94.4,6.7,2,1,3,3,8,1,83.3
714,S1714,24,1,5.5,2.5,1.0,1,83.2,6.8,2,0,3,3,1,2,80.6
715,S1715,24,2,5.6,1.4,3.1,1,85.8,6.1,1,0,1,3,10,1,91.3
716,S1716,19,2,2.7,1.4,2.8,1,83.7,5.6,1,2,2,1,7,2,63.5
717,S1717,20,1,3.2,1.7,2.1,2,96.3,6.9,1,1,1,1,4,2,66.3
718,S1718,24,1,1.0,2.9,0.1,1,76.2,5.8,3,4,3,3,6,1,49.9
719,S1719,20,2,2.3,2.3,1.6,2,76.9,8.7,2,0,2,3,9,1,68.9
720,S1720,18,1,4.9,0.0,2.1,2,95.1,5.0,1,3,3,1,5,1,94.2
721,S1721,19,2,5.9,0.0,2.0,2,84.6,8.3,3,3,2,3,8,1,100.0
722,S1722,20,2,1.6,1.8,0.0,1,98.8,6.4,1,3,3,3,5,1,58.6
723,S1723,17,1,2.6,3.0,0.8,1,78.3,6.9,1,4,3,1,2,1,53.2
724,S1724,17,2,3.5,0.0,1.7,1,84.5,7.5,3,4,2,1,4,2,70.5
725,S1725,21,1,3.9,1.9,2.4,1,75.8,5.7,1,2,3,1,2,1,64.0
726,S1726,19,2,2.3,1.9,0.0,2,85.1,7.5,2,6,3,2,7,2,77.4
727,S1727,19,2,4.1,4.2,1.6,1,70.2,3.3,1,2,2,3,7,1,57.4
728,S1728,21,3,2.8,2.0,2.0,1,80.1,5.6,2,2,4,1,3,2,59.9
729,S1729,20,2,3.5,3.0,2.7,1,70.6,5.4,2,5,2,3,7,1,66.7
730,S1730,19,1,4.3,2.7,2.6,2,91.9,5.0,1,3,3,3,1,1,58.4
731,S1731,17,2,3.5,0.0,2.4,1,92.2,6.2,1,4,1,2,1,1,63.6
732,S1732,17,2,2.8,3.4,0.9,1,67.7,7.0,3,3,1,1,9,1,62.6
733,S1733,24,2,3.3,2.8,0.0,1,98.3,7.3,2,2,3,3,6,1,70.6
734,S1734,18,1,3.4,3.1,1.4,1,100.0,6.8,3,4,3,3,5,1,75.2
735,S1735,19,2,2.9,7.2,2.9,2,85.5,5.7,2,1,2,3,6,1,50.1
736,S1736,20,1,3.1,0.0,3.3,1,78.6,6.9,2,0,3,1,6,1,72.8
737,S1737,21,2,5.9,4.6,2.6,2,100.0,6.6,2,0,2,1,1,2,72.7
738,S1738,21,3,4.3,2.2,2.3,1,71.8,7.6,2,2,2,3,5,2,76.0
739,S1739,20,2,3.1,2.8,2.2,1,85.2,7.4,3,6,3,3,9,2,74.1
740,S1740,23,1,4.5,2.4,1.2,2,86.8,6.5,3,3,4,1,4,2,79.0
741,S1741,22,1,3.0,2.0,1.7,1,98.5,5.4,3,1,3,3,3,1,51.3
742,S1742,18,1,5.3,1.8,3.6,1,88.6,5.7,2,4,3,1,1,2,71.0
743,S1743,21,1,4.1,2.9,0.8,2,80.0,5.8,1,6,2,3,2,2,76.4
744,S1744,19,1,3.3,0.7,3.6,1,75.5,6.1,3,3,2,3,3,2,52.6
745,S1745,18,1,4.2,3.4,1.4,1,81.6,6.8,1,2,1,1,4,1,74.0
746,S1746,19,2,1.1,2.0,3.3,1,74.9,7.4,1,3,3,3,7,1,42.6
747,S1747,23,2,1.8,1.1,0.3,1,85.5,6.4,1,2,2,1,6,1,49.8
748,S1748,17,1,1.7,2.0,2.4,1,79.4,6.5,1,5,2,1,8,1,45.7
749,S1749,18,1,3.7,4.0,1.0,1,70.1,6.7,1,0,3,2,9,2,77.2
750,S1750,24,1,6.1,1.9,0.2,1,97.6,5.9,3,6,3,2,6,1,98.5
751,S1751,21,1,6.8,2.9,2.0,1,80.0,5.4,2,0,2,1,7,1,96.2
752,S1752,18,2,4.5,1.6,2.9,2,72.3,4.4,1,3,2,3,4,2,71.3
753,S1753,18,2,4.3,3.4,0.9,1,83.3,5.7,2,1,1,3,2,1,59.2
754,S1754,18,1,0.8,3.3,0.2,1,85.7,7.1,1,4,3,2,9,1,51.8
755,S1755,22,2,2.7,4.7,1.7,2,67.5,5.7,3,2,1,3,9,1,59.3
756,S1756,18,2,2.3,2.3,1.7,1,88.3,6.2,1,4,3,3,4,1,58.5
757,S1757,19,1,2.6,3.3,2.4,1,74.5,7.1,2,0,1,3,3,2,44.5
758,S1758,17,2,3.2,2.6,2.8,1,100.0,7.1,2,1,2,3,10,2,75.4
759,S1759,23,1,2.8,4.1,1.7,2,90.2,5.2,2,1,3,1,6,2,54.9
760,S1760,20,2,0.5,1.6,3.8,2,81.0,7.7,1,4,4,1,3,2,30.2
761,S1761,18,1,4.6,3.4,2.0,1,77.5,7.9,1,0,3,3,1,2,71.8
762,S1762,21,2,1.9,2.3,1.4,1,84.0,5.1,2,4,2,2,4,1,51.8
763,S1763,18,2,3.9,2.4,0.0,2,91.1,5.5,1,3,2,2,1,2,59.5
764,S1764,21,2,6.6,2.6,1.5,1,84.7,7.9,2,1,1,2,2,1,96.6
765,S1765,19,2,2.1,2.8,1.4,2,82.8,6.3,3,1,1,1,3,1,44.1
766,S1766,21,2,0.0,2.4,2.9,1,85.6,3.8,3,3,4,1,8,1,30.5
767,S1767,24,2,3.1,2.8,2.3,1,79.0,4.8,3,0,3,1,10,1,63.7
768,S1768,20,1,5.2,4.4,0.5,1,81.6,6.2,2,1,2,2,4,1,74.0
769,S1769,17,2,6.4,3.7,2.0,1,64.1,5.1,2,6,2,3,4,1,98.8
770,S1770,21,1,1.7,3.5,2.5,1,94.7,6.0,1,5,3,3,10,1,53.0
771,S1771,21,1,4.2,2.0,3.5,1,88.0,6.5,1,5,2,1,9,1,84.6
772,S1772,17,1,2.8,1.4,2.8,1,77.3,8.3,3,5,1,2,7,1,73.0
773,S1773,20,2,3.3,3.6,2.6,1,100.0,6.2,2,2,2,2,2,2,57.1
774,S1774,18,1,7.5,3.6,1.9,2,85.9,7.8,2,6,3,1,3,1,100.0
775,S1775,21,2,1.2,4.3,2.2,1,74.6,8.2,2,2,3,1,4,1,36.2
776,S1776,17,2,3.9,1.8,3.2,1,93.6,8.2,3,0,2,1,4,1,65.6
777,S1777,24,3,4.2,2.2,0.3,2,89.0,6.8,3,3,2,3,10,2,87.5
778,S1778,24,2,5.1,0.5,1.4,1,88.9,4.1,1,4,3,1,8,1,100.0
779,S1779,19,1,3.6,2.0,1.0,2,80.7,7.1,1,6,3,1,10,1,85.6
780,S1780,17,1,4.0,3.7,2.2,1,89.5,7.8,3,0,2,1,10,2,89.4
781,S1781,19,1,2.9,1.9,3.2,1,82.4,6.4,2,4,3,3,6,1,66.9
782,S1782,24,1,3.9,3.3,1.1,2,90.6,8.6,2,0,4,3,3,1,56.0
783,S1783,20,2,3.0,2.3,0.0,1,66.0,7.5,1,2,2,3,9,1,77.9
784,S1784,18,2,4.4,2.9,1.3,1,80.7,7.2,2,5,2,3,10,1,91.3
785,S1785,17,1,2.9,1.1,2.8,1,100.0,7.8,3,3,4,1,8,1,68.4
786,S1786,23,2,4.1,2.6,2.4,1,77.3,6.9,1,2,3,1,9,1,85.3
787,S1787,24,2,3.5,0.0,2.3,1,79.0,3.5,2,3,3,3,5,2,64.4
788,S1788,24,2,5.2,2.3,1.5,1,80.5,5.9,2,6,1,2,3,1,82.8
789,S1789,23,2,3.4,0.5,0.4,1,72.9,7.9,2,4,3,3,4,1,78.0
790,S1790,22,2,0.8,3.9,2.4,1,62.9,5.5,2,0,1,3,5,1,31.5
791,S1791,24,2,5.4,3.4,0.9,1,82.7,6.2,2,1,3,3,9,1,92.3
792,S1792,21,1,2.1,3.1,4.2,1,86.4,5.2,2,1,3,2,9,2,50.1
793,S1793,20,1,2.5,4.3,2.4,1,84.5,8.6,2,3,1,3,3,1,49.4
794,S1794,17,1,2.6,1.4,1.2,1,83.6,8.5,3,5,3,1,7,1,80.3
795,S1795,23,2,5.6,4.6,1.1,1,85.4,5.4,1,5,4,2,6,2,89.7
796,S1796,21,2,0.3,3.6,1.7,1,95.2,6.7,3,3,3,1,4,2,33.6
797,S1797,23,2,8.2,2.2,1.5,1,83.1,5.7,3,2,1,3,5,2,100.0
798,S1798,17,1,5.1,3.9,3.0,1,79.3,7.2,1,1,3,1,10,1,90.6
799,S1799,19,1,3.8,1.2,2.0,1,82.2,7.1,1,2,3,1,2,2,66.3
800,S1800,17,2,3.4,1.5,1.0,1,90.8,7.5,1,4,3,2,7,2,86.1
801,S1801,22,1,3.9,1.8,3.9,1,99.1,6.9,2,1,1,3,4,1,65.5
802,S1802,17,2,4.3,1.9,1.9,1,78.7,10.0,2,4,4,3,2,1,82.9
803,S1803,17,1,4.5,1.2,2.6,1,86.0,5.3,1,0,3,3,6,2,76.3
804,S1804,22,1,4.3,4.0,1.1,2,88.4,4.4,1,2,2,1,2,2,59.0
805,S1805,20,1,3.6,2.2,2.2,1,75.1,6.0,2,3,3,1,10,2,76.1
806,S1806,24,1,3.2,2.9,2.1,1,85.2,4.6,1,1,3,3,2,2,40.3
807,S1807,17,1,3.3,1.8,0.0,1,70.3,4.7,3,2,2,1,7,2,65.2
808,S1808,22,2,3.2,0.3,4.0,2,67.3,5.3,1,3,2,3,1,1,43.9
809,S1809,21,1,5.2,2.8,3.2,1,88.7,5.4,1,0,3,3,7,2,89.5
810,S1810,19,2,4.4,0.2,1.4,1,81.2,5.4,1,1,2,1,10,1,80.7
811,S1811,19,1,0.0,2.4,0.6,2,87.0,7.1,1,4,2,1,5,1,53.0
812,S1812,17,1,4.5,0.9,2.2,1,84.8,5.9,1,0,3,3,1,1,70.6
813,S1813,20,1,3.8,4.9,1.9,1,75.2,6.3,3,5,2,1,6,1,65.5
814,S1814,20,2,3.5,3.6,2.2,1,84.5,7.6,2,3,2,1,7,1,75.1
815,S1815,21,1,2.9,2.6,2.0,1,72.7,5.6,3,1,1,3,1,1,43.5
816,S1816,17,1,5.2,4.0,2.4,1,98.9,6.2,2,1,2,1,9,1,80.6
817,S1817,19,1,4.9,1.5,3.4,1,71.4,6.9,1,6,2,3,7,2,88.2
818,S1818,20,2,2.3,3.2,2.4,1,83.0,4.2,2,6,3,2,1,2,48.5
819,S1819,17,2,4.1,2.7,0.6,1,74.6,3.6,2,0,3,3,3,1,67.3
820,S1820,23,2,2.0,2.8,3.3,1,90.7,6.9,2,1,1,2,5,1,50.7
821,S1821,20,2,1.4,4.0,3.6,1,81.7,7.1,1,3,1,2,4,1,35.4
822,S1822,22,1,2.6,3.4,5.3,1,79.8,9.0,3,0,3,3,2,1,49.1
823,S1823,23,2,4.8,2.8,0.6,1,93.5,6.7,2,4,2,3,1,1,85.4
824,S1824,24,3,4.9,0.5,2.1,1,85.3,7.5,3,0,4,1,4,1,83.9
825,S1825,20,2,4.3,1.3,0.0,2,90.2,6.3,1,0,2,1,7,1,90.4
826,S1826,19,2,4.6,2.4,2.4,1,75.2,6.9,3,4,2,3,4,1,87.8
827,S1827,18,1,4.3,2.6,1.2,1,71.0,8.5,1,5,3,1,9,1,87.5
828,S1828,23,1,2.5,1.1,3.9,1,86.1,4.0,2,6,3,3,8,1,58.2
829,S1829,24,1,4.1,5.4,0.9,1,81.8,7.0,3,3,4,3,8,2,73.2
830,S1830,21,1,4.7,4.3,0.0,1,91.3,9.1,1,5,3,3,5,1,83.5
831,S1831,21,1,4.6,3.2,1.3,1,84.2,6.8,3,5,2,1,1,2,77.6
832,S1832,19,2,5.3,2.6,0.0,2,87.1,8.5,2,5,2,1,9,2,98.4
833,S1833,20,3,4.6,2.2,2.6,1,68.8,5.7,3,6,3,3,2,1,78.5
834,S1834,17,3,4.0,1.4,0.0,2,100.0,6.5,2,2,2,2,6,2,81.1
835,S1835,20,1,5.1,2.6,1.8,1,83.4,6.5,2,6,2,1,10,1,100.0
836,S1836,19,2,3.5,2.8,0.0,1,92.0,3.8,2,5,4,2,5,2,58.7
837,S1837,21,1,2.2,1.0,1.4,1,76.6,5.1,3,2,2,2,10,1,62.6
838,S1838,20,2,3.3,2.9,3.6,1,88.1,5.2,2,4,3,1,8,2,60.3
839,S1839,21,2,2.4,2.3,2.2,1,72.0,7.5,1,6,1,1,3,1,63.9
840,S1840,23,2,2.5,0.2,0.9,2,89.5,7.5,1,3,2,3,6,2,80.0
841,S1841,24,2,3.3,1.5,1.8,2,81.4,6.9,2,5,2,1,6,1,62.6
842,S1842,17,1,2.3,2.0,1.8,1,85.3,7.5,2,1,3,1,10,1,71.4
843,S1843,23,1,3.0,4.8,2.3,2,92.0,6.3,2,4,1,2,3,1,60.6
844,S1844,21,1,0.7,3.2,0.3,2,72.7,7.9,2,2,2,3,7,2,47.2
845,S1845,21,2,3.8,0.9,2.5,1,78.2,6.5,3,6,2,1,4,2,78.1
846,S1846,18,2,3.5,3.1,0.0,1,89.6,6.6,2,3,3,3,5,2,75.5
847,S1847,18,2,2.3,0.6,1.1,1,100.0,6.2,2,0,3,3,9,1,73.5
848,S1848,23,3,4.5,3.8,1.3,1,83.6,7.3,2,3,2,2,6,1,74.6
849,S1849,22,2,4.9,1.9,2.5,1,90.9,6.0,2,3,3,1,10,1,98.7
850,S1850,23,1,1.1,2.4,1.8,1,83.9,7.7,1,5,2,1,4,2,49.2
851,S1851,18,1,2.4,4.1,0.3,1,100.0,5.1,3,5,3,3,8,1,67.4
852,S1852,21,2,2.3,1.0,0.7,1,67.5,5.2,1,6,3,3,9,1,72.5
853,S1853,19,1,2.1,0.8,2.0,1,85.9,7.3,1,6,1,3,10,2,68.4
854,S1854,23,1,4.7,1.8,1.7,1,68.7,6.4,2,2,2,1,5,1,70.0
855,S1855,21,1,3.2,3.7,1.2,1,59.9,6.0,2,6,2,3,2,1,56.1
856,S1856,19,1,3.1,0.7,1.3,2,88.0,7.6,2,2,2,2,6,2,81.5
857,S1857,19,2,0.5,0.0,2.6,2,86.4,5.8,3,5,1,2,8,2,45.0
858,S1858,18,2,4.5,2.0,1.2,2,82.2,6.3,2,5,2,3,5,2,84.4
859,S1859,23,1,1.6,3.2,1.7,1,83.9,8.2,1,1,2,3,1,1,36.8
860,S1860,20,1,3.6,3.9,4.2,1,100.0,8.3,3,1,2,2,8,2,65.6
861,S1861,17,2,3.9,1.9,0.2,1,82.4,8.4,2,4,3,2,9,2,93.5
862,S1862,18,1,5.5,2.0,0.0,1,90.1,6.2,1,5,2,2,1,1,93.7
863,S1863,18,1,1.5,3.9,2.7,1,78.5,8.0,1,0,2,2,8,2,42.3
864,S1864,20,1,0.0,0.3,1.1,2,88.0,5.4,2,1,2,1,10,2,53.3
865,S1865,17,2,3.8,2.0,1.4,1,82.6,5.4,1,2,1,3,2,1,65.9
866,S1866,21,1,6.2,2.7,0.9,1,80.9,3.7,2,3,3,3,4,2,87.9
867,S1867,22,1,5.4,3.0,1.5,1,100.0,8.5,3,6,3,3,2,1,94.5
868,S1868,23,2,3.8,1.9,3.6,1,96.8,5.5,2,6,1,3,2,1,77.8
869,S1869,22,2,2.8,2.5,2.7,2,86.4,6.3,2,4,1,1,10,1,74.6
870,S1870,21,3,4.7,0.0,2.7,2,62.0,5.4,1,1,2,3,3,1,67.5
871,S1871,24,2,2.0,1.7,0.2,2,81.4,7.3,3,3,1,3,8,2,66.5
872,S1872,18,1,4.2,3.0,0.5,1,100.0,6.0,2,3,4,1,4,1,78.4
873,S1873,17,1,4.3,1.3,0.0,1,82.7,4.9,2,1,2,3,7,1,84.9
874,S1874,18,2,5.1,2.6,0.9,1,96.0,7.0,2,0,1,1,10,1,96.6
875,S1875,19,1,7.6,3.0,2.9,1,99.4,4.8,3,0,2,3,3,1,100.0
876,S1876,18,2,4.1,2.1,2.4,1,87.2,5.5,2,4,2,3,10,1,83.1
877,S1877,18,1,2.7,2.7,1.6,1,76.6,4.0,1,0,2,1,3,1,36.9
878,S1878,21,2,3.5,1.3,1.8,2,60.6,4.8,2,4,3,3,2,1,60.0
879,S1879,21,1,0.8,2.3,1.0,1,91.8,6.7,2,2,2,2,6,1,44.3
880,S1880,21,2,2.5,3.2,2.0,1,76.9,4.1,2,1,3,3,6,1,41.6
881,S1881,22,2,2.9,2.7,2.6,2,86.8,4.7,2,3,1,1,1,1,45.5
882,S1882,19,3,2.7,1.8,0.0,1,72.5,6.5,2,4,3,2,7,1,68.2
883,S1883,24,2,3.7,2.8,2.1,1,82.3,5.8,1,6,2,1,4,1,75.5
884,S1884,24,1,2.3,3.4,2.8,1,85.3,8.9,1,0,1,3,3,1,40.9
885,S1885,21,2,5.2,0.0,1.3,1,87.7,8.7,2,6,2,2,8,1,100.0
886,S1886,17,1,3.5,3.9,2.6,1,73.9,5.5,2,4,2,3,2,2,65.6
887,S1887,22,2,3.5,2.1,4.9,1,97.0,7.2,1,5,4,2,9,1,75.9
888,S1888,20,3,3.0,3.0,1.7,2,79.0,7.4,2,4,3,3,8,2,69.8
889,S1889,17,2,3.7,3.9,2.2,2,68.3,5.8,2,0,2,3,8,1,66.6
890,S1890,23,2,4.7,0.9,1.0,2,83.9,4.7,2,5,2,1,3,1,84.5
891,S1891,23,2,2.2,1.6,2.0,2,85.3,6.5,1,5,2,1,4,2,65.6
892,S1892,17,2,2.5,2.2,2.3,1,86.6,6.3,2,0,2,3,2,1,46.8
893,S1893,21,1,3.0,1.6,2.0,1,98.6,6.0,1,5,3,3,2,1,67.7
894,S1894,20,2,1.5,4.6,0.7,2,82.6,7.0,1,1,3,3,4,2,45.4
895,S1895,20,1,2.3,1.5,2.0,1,83.8,5.6,2,3,3,1,6,1,57.0
896,S1896,22,2,2.8,1.8,3.4,2,74.0,5.1,1,6,2,1,5,1,58.4
897,S1897,20,2,4.8,2.7,2.3,1,93.2,6.6,1,1,2,3,1,2,70.8
898,S1898,23,1,3.9,1.1,2.9,1,86.8,7.0,2,1,1,1,10,1,75.7
899,S1899,19,1,3.8,2.0,1.5,1,80.8,5.1,3,0,4,1,1,1,55.7
900,S1900,21,2,4.8,2.9,2.6,1,66.0,7.6,3,0,1,1,6,2,82.1
901,S1901,20,2,3.3,2.1,2.1,1,99.4,4.4,2,6,2,3,3,2,71.4
902,S1902,22,2,4.1,2.4,0.8,1,72.7,5.8,2,3,1,3,3,1,66.7
903,S1903,23,1,3.3,1.9,2.2,1,79.1,6.2,2,4,2,1,7,1,70.9
904,S1904,19,1,3.9,0.7,0.7,2,88.6,5.7,3,1,2,2,1,2,73.0
905,S1905,18,2,2.6,2.9,1.1,2,73.0,5.8,1,5,3,2,1,2,53.9
906,S1906,18,1,0.0,4.6,2.0,2,70.1,8.7,2,3,3,1,10,1,43.4
907,S1907,19,1,3.3,2.5,2.1,1,63.8,5.5,2,1,2,1,3,1,55.4
908,S1908,23,1,5.6,2.8,0.5,2,92.2,9.4,2,4,3,3,8,1,100.0
909,S1909,22,1,4.9,3.3,3.0,1,79.5,7.0,2,5,3,1,1,1,71.8
910,S1910,19,2,4.9,1.0,2.4,1,100.0,6.6,2,1,4,1,10,1,89.2
911,S1911,21,2,5.4,4.5,1.0,1,75.1,7.1,2,2,4,3,4,1,83.9
912,S1912,21,2,3.6,2.7,0.1,1,75.8,9.5,3,6,2,1,9,1,89.1
913,S1913,18,2,3.8,4.5,1.6,2,79.3,5.3,1,3,2,3,4,1,53.5
914,S1914,20,1,2.6,1.6,1.3,2,87.4,5.2,1,6,3,2,10,1,72.9
915,S1915,22,1,3.0,4.7,1.9,1,80.3,5.6,2,0,2,1,8,1,61.0
916,S1916,18,2,4.4,3.4,1.4,1,91.1,6.5,1,1,2,3,7,1,69.1
917,S1917,20,2,5.3,3.2,0.0,1,75.2,4.4,1,5,2,3,3,1,77.2
918,S1918,20,2,3.3,2.8,1.4,2,71.2,6.5,3,5,3,1,7,1,71.9
919,S1919,24,1,2.8,2.2,1.5,1,67.0,8.5,1,3,2,3,7,2,74.7
920,S1920,21,2,3.5,3.9,2.5,2,62.8,6.7,1,3,4,3,10,1,74.5
921,S1921,23,1,4.4,2.7,1.0,1,79.8,6.1,2,6,4,1,3,1,85.4
922,S1922,17,2,1.3,0.1,3.6,1,82.0,5.8,3,5,1,1,2,2,44.3
923,S1923,23,2,0.1,1.2,0.0,1,78.7,7.6,3,5,2,3,9,1,53.4
924,S1924,17,3,2.7,2.3,3.2,2,97.4,5.5,3,5,3,1,1,2,57.4
925,S1925,19,3,1.7,2.9,1.6,2,97.3,8.7,1,1,4,3,7,1,53.6
926,S1926,21,2,2.7,2.4,2.7,1,81.7,8.8,2,5,2,3,4,2,58.8
927,S1927,20,1,3.3,4.0,1.9,1,67.1,6.8,1,0,3,3,2,1,43.5
928,S1928,22,1,2.8,0.2,3.1,1,79.3,6.5,1,5,2,1,2,1,65.6
929,S1929,17,1,5.7,2.7,1.4,1,79.0,7.7,1,0,1,1,8,2,89.8
930,S1930,23,2,4.0,0.3,0.6,1,78.4,7.8,1,1,1,3,7,1,89.5
931,S1931,20,1,4.0,3.4,3.4,2,78.0,5.5,3,3,3,1,7,2,68.8
932,S1932,17,1,4.4,2.4,1.7,1,78.5,5.9,2,0,3,1,5,1,76.8
933,S1933,17,1,1.8,3.0,2.0,1,81.1,4.9,1,1,2,1,10,1,47.5
934,S1934,24,2,5.1,1.5,3.2,1,78.6,7.0,3,5,2,2,8,2,89.3
935,S1935,17,2,3.4,4.0,0.7,2,87.1,7.3,3,1,1,3,2,1,62.0
936,S1936,22,2,4.5,3.8,2.5,1,88.6,4.9,1,5,3,1,2,2,66.1
937,S1937,21,1,1.9,3.2,1.2,1,75.9,6.0,1,6,3,3,5,1,41.7
938,S1938,22,2,1.2,2.3,1.7,1,97.7,4.9,2,1,2,2,1,1,28.0
939,S1939,18,1,4.7,3.2,1.9,1,75.2,5.4,1,3,4,3,6,1,71.0
940,S1940,20,3,4.1,1.7,0.1,2,68.8,7.2,1,0,1,1,4,1,67.5
941,S1941,21,2,2.1,3.5,0.9,1,88.8,5.6,2,6,2,3,6,1,63.4
942,S1942,24,1,2.2,4.5,3.3,1,76.8,6.1,3,3,2,3,7,1,50.2
943,S1943,21,2,5.2,3.8,2.8,1,88.2,4.5,1,2,2,2,3,1,72.0
944,S1944,21,1,1.7,1.6,1.7,1,61.0,6.7,2,5,3,3,8,2,67.9
945,S1945,23,2,6.0,2.9,2.1,2,98.9,6.4,3,0,4,1,7,1,100.0
946,S1946,21,1,2.1,0.9,1.5,1,91.7,5.6,2,3,3,3,1,2,55.0
947,S1947,24,1,4.5,3.2,3.3,2,70.0,6.3,1,0,2,3,6,2,59.9
948,S1948,22,1,3.0,3.0,1.6,1,70.2,6.7,2,2,1,3,7,1,63.2
949,S1949,21,1,4.4,0.3,2.1,1,100.0,5.5,2,4,3,3,4,1,84.5
950,S1950,19,1,2.7,1.1,3.1,1,77.6,4.7,2,5,2,1,2,1,50.8
951,S1951,20,1,3.3,2.2,0.9,1,76.7,8.7,1,5,3,2,10,1,94.0
952,S1952,21,1,3.6,2.1,3.5,2,62.3,5.7,3,1,2,1,9,1,65.6
953,S1953,20,1,2.0,1.0,0.1,1,81.5,6.4,2,5,2,1,7,1,61.7
954,S1954,19,2,4.6,3.0,3.6,1,82.7,7.7,1,5,1,3,1,2,66.0
955,S1955,19,1,2.7,2.8,1.4,2,92.2,10.0,3,3,2,1,8,1,86.9
956,S1956,20,1,3.2,2.3,1.5,1,71.0,5.0,1,6,2,3,3,1,59.6
957,S1957,17,1,2.0,1.6,0.0,1,69.8,7.0,1,5,2,1,4,1,49.1
958,S1958,18,2,0.0,3.8,1.3,2,89.5,5.7,1,5,2,1,5,1,31.1
959,S1959,23,1,3.2,4.5,0.7,1,95.1,5.9,2,2,1,3,1,1,45.7
960,S1960,17,2,7.1,1.9,1.1,2,69.3,5.6,1,6,2,1,6,1,100.0
961,S1961,17,1,4.7,1.8,1.6,1,95.8,5.1,1,2,1,3,10,1,81.1
962,S1962,22,2,3.5,3.1,2.9,2,85.4,6.5,1,0,1,1,6,1,55.1
963,S1963,23,1,3.1,2.1,2.0,1,95.9,4.7,3,0,2,3,2,1,53.3
964,S1964,23,3,3.5,2.3,2.1,1,84.3,7.6,1,5,2,2,10,2,89.1
965,S1965,17,2,4.3,3.4,0.6,1,59.8,6.6,2,5,1,1,6,2,77.3
966,S1966,21,3,1.7,0.2,0.8,1,83.5,7.0,3,1,2,3,8,2,56.4
967,S1967,22,2,5.2,4.1,3.8,1,95.6,5.9,2,0,4,3,6,1,76.1
968,S1968,22,1,4.6,2.6,1.0,1,76.1,6.1,1,3,2,1,4,1,74.6
969,S1969,19,1,4.6,2.0,3.6,2,81.1,6.8,2,5,3,1,4,1,83.0
970,S1970,24,1,4.2,2.4,1.5,1,83.2,5.1,2,3,3,1,9,2,85.9
971,S1971,23,1,3.5,2.5,1.8,1,56.0,6.1,1,5,2,1,6,1,64.5
972,S1972,17,1,4.5,0.4,3.0,1,100.0,5.5,2,3,2,3,8,1,91.9
973,S1973,19,2,4.4,4.3,3.2,1,76.0,5.4,1,4,1,3,8,1,74.6
974,S1974,20,2,3.0,2.5,1.7,1,90.1,4.0,2,3,3,2,7,1,70.9
975,S1975,18,1,2.6,3.0,1.4,1,84.1,8.1,2,6,3,1,3,1,66.7
976,S1976,24,1,3.7,3.6,1.7,1,97.6,5.7,1,0,3,3,10,2,77.4
977,S1977,24,1,5.8,1.3,2.2,2,89.1,7.9,1,5,2,1,1,2,99.0
978,S1978,24,1,1.6,3.1,2.8,1,82.7,7.8,2,0,3,3,5,2,43.5
979,S1979,22,2,1.3,2.2,1.8,1,76.1,5.0,1,6,2,2,10,1,53.4
980,S1980,20,1,3.7,3.5,2.5,1,93.0,5.2,3,6,2,3,10,2,81.0
981,S1981,24,2,3.6,0.0,3.6,1,66.3,9.6,2,3,3,1,2,1,66.2
982,S1982,20,1,3.8,2.4,2.2,2,91.5,8.6,2,2,2,3,10,1,88.0
983,S1983,21,2,3.9,1.8,2.1,1,74.0,6.5,3,2,1,1,2,1,64.4
984,S1984,24,2,3.2,3.0,0.1,1,97.5,6.8,2,6,2,1,7,1,82.4
985,S1985,18,2,5.7,3.1,0.0,2,86.6,5.7,2,2,1,3,3,2,80.9
986,S1986,20,2,1.1,1.7,2.2,1,91.4,7.0,3,5,1,2,8,1,59.6
987,S1987,20,1,2.3,1.6,1.7,2,85.8,5.6,2,1,2,1,9,1,56.2
988,S1988,18,2,3.3,2.4,1.2,1,67.5,4.1,2,4,3,1,8,2,72.5
989,S1989,24,2,1.0,1.4,2.1,2,76.4,4.9,2,3,2,1,6,1,47.6
990,S1990,18,2,3.2,3.5,1.7,1,91.7,6.5,1,1,1,3,5,1,63.6
991,S1991,20,2,6.0,2.1,3.0,1,86.7,5.1,1,2,2,3,3,1,85.3
992,S1992,18,2,3.5,0.0,1.9,1,96.8,6.4,2,3,3,2,3,1,71.8
993,S1993,20,2,3.8,2.1,1.0,1,89.0,5.2,1,1,2,3,7,1,70.9
994,S1994,20,1,1.6,1.3,2.9,1,75.3,5.6,1,0,2,1,5,1,41.7
995,S1995,21,1,2.6,0.5,1.6,1,77.0,7.5,2,2,2,3,6,2,76.1
996,S1996,17,1,2.9,1.0,2.4,2,86.0,6.8,3,1,2,1,6,2,65.9
997,S1997,20,2,3.0,2.6,1.3,1,61.9,6.5,1,5,3,3,9,2,64.4
998,S1998,24,2,5.4,4.1,1.1,2,100.0,7.6,2,0,3,1,1,1,69.7
999,S1999,19,1,4.3,2.9,1.9,1,89.4,7.1,1,2,3,1,8,1,74.9
